TURNO;FINCA;UP;DESTINO;REMITO;FECHA DE COSECHA;N° FRUTAS;LEVES;MENORES;MAYORES;RAMALEO;COCHINILLA;MELANOSIS;BOTRYTIS;RUGOSO;GOLPE DE PIEDRA;ACARO;TRIPS;TIPO C;TIPO M;BRONCEADO;ROJIZA;PETECA;OLEOSELOSIS;ARRANCADO;CORTE DE TIJERA;FRUTA GRANDE;FRUTA CHICA;PALO LARGO;MOTEADO;PODRIDO;UNNAMED: 31;LISOS;RENDIMENTO       %;UNNAMED: 34;DESTINO.1
1;Claudia;0290-03;NO UE ;6--2628;2026-03-16 00:00:00;100;31;22;47;34;;;6.0;;;4.0;;3.0;;;;;15.0;3.0;3.0;;;3.0;;;;lisos3;53.0;;UE 
1;Claudia;0290-03;NO UE ;6--2628;2026-03-16 00:00:00;100;43;13;44;38;;;4.0;;;;;1.0;;;;;5.0;3.0;3.0;;;2.0;;;;lisos 2;56.0;;NO UE 
1;Claudia;0290-03;NO UE ;06--2627;2026-03-16 00:00:00;100;40;10;50;33;;;2.0;;;3.0;;11.0;;;;;9.0;6.0;3.0;;;4.0;;;;lisos1;50.0;;USA
1;Claudia;0290-03;NO UE ;06--2627;2026-03-16 00:00:00;100;40;18;42;32;1.0;;4.0;;;1.0;;4.0;;;;;6.0;;2.0;;;6.0;;;;;58.0;;
1;Claudia;0290-03;NO UE ;06--2633;2026-03-16 00:00:00;100;49;21;30;20;;;4.0;;;1.0;;5.0;;;;;3.0;1.0;3.0;;;2.0;;;;;70.0;;
1;Claudia;0290-03;NO UE ;06--2633;2026-03-16 00:00:00;100;53;15;32;15;1.0;;2.0;;;1.0;;4.0;;;;;6.0;3.0;2.0;;;7.0;;;;;68.0;;
1;Claudia;0290-03;NO UE ;06--2631;2026-03-16 00:00:00;100;37;16;47;16;;;3.0;;;8.0;4.0;5.0;;;;;7.0;5.0;9.0;;;4.0;;;;1;53.0;;
1;Claudia;0290-03;NO UE ;06--2631;2026-03-16 00:00:00;100;40;17;43;25;;;1.0;;;4.0;3.0;10.0;;;;;5.0;;7.0;;;3.0;;;;1;57.0;;
1;Claudia;0290-03;NO UE ;06--2629;2026-03-16 00:00:00;100;46;17;37;28;;;2.0;;;3.0;1.0;3.0;;;;;10.0;6.0;6.0;;;7.0;;;;1;63.0;;
1;Claudia;0290-03;NO UE ;06--2629;2026-03-16 00:00:00;100;48;15;37;28;1.0;;;;;2.0;2.0;4.0;;;;;11.0;2.0;5.0;;;4.0;;;;;63.0;;
1;Claudia;0290-03;NO UE ;06--2632;2026-03-16 00:00:00;100;46;19;35;22;1.0;;3.0;;;1.0;;8.0;;;;;6.0;2.0;6.0;;;5.0;;;;2;65.0;;
1;Claudia;0290-03;NO UE ;06--2632;2026-03-16 00:00:00;100;47;19;34;23;2.0;;1.0;;;2.0;;6.0;;;;;11.0;1.0;9.0;;;4.0;;;;;66.0;;
1;Antamapu;0136-01;NO UE ;09--0851;2026-03-16 00:00:00;100;41;24;35;23;3.0;;8.0;;;;;1.0;;;;;13.0;;5.0;;;6.0;;;;2;65.0;;
1;Antamapu;0136-01;NO UE ;09--0851;2026-03-16 00:00:00;100;38;16;46;29;3.0;;9.0;2.0;;;;3.0;;;;;15.0;1.0;7.0;;;5.0;;;;;54.0;;
1;Antamapu;0136-01;NO UE ;09--0853;2026-03-16 00:00:00;100;48;17;35;23;4.0;;6.0;;;;;2.0;;;;;10.0;3.0;4.0;;;4.0;;;;1;65.0;;
1;Antamapu;0136-01;NO UE ;09--0853;2026-03-16 00:00:00;100;41;18;41;33;2.0;;3.0;;;1.0;;2.0;;;;;12.0;;6.0;;;7.0;;;;;59.0;;
1;Antamapu;0136-01;NO UE ;09--0854;2026-03-16 00:00:00;100;42;18;40;25;1.0;;11.0;3.0;;;;1.0;;;;;13.0;4.0;4.0;;;5.0;;;;;60.0;;
1;Antamapu;0136-01;NO UE ;09--0854;2026-03-16 00:00:00;100;40;15;45;38;;;6.0;;;;;1.0;;;;;10.0;3.0;5.0;;;7.0;;;;1;55.0;;
1;Claudia;0290-03;NO UE ;06--2634;2026-03-17 00:00:00;100;47;17;36;27;2.0;;2.0;;;1.0;;;;;;;17.0;;5.0;;;6.0;;;;;64.0;;
1;Claudia;0290-03;NO UE ;03--2634;2026-03-17 00:00:00;100;45;20;35;28;1.0;;2.0;;;;;;;;;;12.0;;3.0;;;9.0;;;;;65.0;;
1;Claudia;0290-03;NO UE ;06--2637;2026-03-17 00:00:00;100;33;20;47;38;4.0;;;;;;;;;;;;7.0;;3.0;;;7.0;;;;;53.0;;
1;Claudia;0290-03;NO UE ;06--2637;2026-03-17 00:00:00;100;38;17;45;30;;;3.0;;;3.0;;;;;;;9.0;;3.0;;;6.0;;;;;55.0;;
1;Claudia;0290-03;NO UE ;06--2635;2026-03-17 00:00:00;100;39;20;41;29;1.0;;3.0;;;1.0;;;;;;;12.0;;3.0;;;4.0;;;;;59.0;;
1;Claudia;0290-03;NO UE ;06--2635;2026-03-17 00:00:00;100;32;15;53;36;1.0;1.0;1.0;1.0;;1.0;;;;;;;14.0;;2.0;;;7.0;;;;;47.0;;
1;Claudia;0290-03;NO UE ;06--2636;2026-03-17 00:00:00;100;41;13;46;32;;;3.0;;;3.0;;;;;;;14.0;;1.0;;;3.0;;;;;54.0;;
1;Claudia;0290-03;NO UE ;06--2636;2026-03-17 00:00:00;100;34;14;52;39;1.0;;3.0;;;;;;;;;;14.0;;6.0;;;5.0;;;;;48.0;;
1;Claudia;0290-03;NO UE ;06--2638;2026-03-17 00:00:00;100;32;16;52;36;;1.0;3.0;;;2.0;;;;;;;7.0;;5.0;;;10.0;;;;;48.0;;
1;Claudia;0290-03;NO UE ;06--2638;2026-03-17 00:00:00;100;37;16;47;29;1.0;;3.0;;;1.0;;;;;;;9.0;;6.0;;;8.0;;;;;53.0;;
1;Claudia;0290-03;NO UE ;06--2639;2026-03-17 00:00:00;100;38;13;49;41;;1.0;2.0;1.0;;3.0;;;;;;;12.0;;3.0;;;6.0;;;;;51.0;;
1;Claudia;0290-03;NO UE ;06--2639;2026-03-17 00:00:00;100;33;17;50;32;;6.0;6.0;2.0;;1.0;;;;;;;10.0;;3.0;;;8.0;;;;;50.0;;
2;Claudia;0290-03;NO UE ;06--2640;2026-03-17 00:00:00;100;38;20;42;31;;2.0;6.0;;;3.0;;;;;;;;;;;;;;;;;58.0;;
2;Claudia;0290-03;NO UE ;06--2640;2026-03-17 00:00:00;100;35;18;47;30;;4.0;6.0;2.0;;2.0;;;;;;;;;;;;;;;;petecas 3;53.0;;
2;Claudia;0290-03;NO UE ;06--2641;2026-03-17 00:00:00;100;40;14;46;22;;3.0;7.0;;;3.0;;;;;;;11.0;;;;;;;;;;54.0;;
2;Claudia;0290-03;NO UE ;06--2641;2026-03-17 00:00:00;100;41;14;45;28;;1.0;5.0;;;;;1.0;;;;;8.0;;;;;;;;;peteca2;55.0;;
2;El Molino;0419-06;NO UE ;07--0554;2026-03-17 00:00:00;100;34;14;52;12;2.0;;8.0;;;;3.0;;;;;;27.0;;;;;;;;;;48.0;;
2;El Molino;0419-06;NO UE ;07--0554;2026-03-17 00:00:00;100;31;10;59;26;;;7.0;;;2.0;4.0;1.0;;;;;20.0;;;;;;;;;;41.0;;
2;El Molino;0419-06;NO UE ;07--0556;2026-03-17 00:00:00;100;37;15;48;19;;;10.0;;;1.0;3.0;1.0;;;;;14.0;;;;;;;;;;52.0;;
2;El Molino;0419-06;NO UE ;07--0556;2026-03-17 00:00:00;100;34;16;50;22;;;7.0;;;;4.0;;;;;;17.0;;;;;;;;;;50.0;;
2;El Molino;0419-06;NO UE ;07--0555;2026-03-17 00:00:00;100;40;15;45;17;2.0;;2.0;;;;8.0;;;;;;16.0;;;;;;;;;;55.0;;
2;El Molino;0419-06;NO UE ;07--0555;2026-03-17 00:00:00;100;39;14;47;16;1.0;;4.0;;;;7.0;;;;;;18.0;;;;;;;;;;53.0;;
2;Antamapu;0136--01;NO UE ;09--0855;2026-03-17 00:00:00;100;36;11;53;31;3.0;1.0;4.0;;;1.0;;2.0;;;;;12.0;;;;;;;;;;47.0;;
2;Antamapu;0136--01;NO UE ;09--0855;2026-03-17 00:00:00;100;30;11;59;25;10.0;;10.0;;;;;3.0;;;;;11.0;;;;;;;;;;41.0;;
2;Antamapu;0136--01;NO UE ;09--0856;2026-03-17 00:00:00;100;37;10;53;25;5.0;;4.0;;;;;1.0;;;;;10.0;;;;8.0;;;;;;47.0;;
2;Antamapu;0136--01;NO UE ;09--0856;2026-03-17 00:00:00;100;36;11;55;22;4.0;;7.0;;;;;;;;;;15.0;;;;6.0;;;;;;45.0;;
2;Claudia;0290--03;NO UE ;06--2644;2026-03-20 00:00:00;100;60;10;30;20;;5.0;;;;2.0;;;;;;;3.0;6.0;2.0;;;4.0;;;;Peteca 2;70.0;;
2;Claudia;0290--03;NO UE ;06--2644;2026-03-20 00:00:00;100;60;12;28;14;;6.0;;;;;1.0;;;;;;5.0;8.0;1.0;;;3.0;;;;2;72.0;;
2;Claudia;0290--03;NO UE ;06--2643;2026-03-20 00:00:00;100;55;12;33;23;2.0;3.0;;;;;;;;;;;5.0;7.0;4.0;;;3.0;;;;;67.0;;
2;Claudia;0290--03;NO UE ;06--2643;2026-03-20 00:00:00;100;60;13;27;13;;7.0;;;;1.0;3.0;;;;;;3.0;4.0;5.0;;;2.0;;;;;73.0;;
2;Claudia;0290--03;NO UE ;06--2642;2026-03-20 00:00:00;100;46;11;43;20;1.0;4.0;1.0;;;;;;;;;;15.0;2.0;3.0;;;1.0;;;;2;57.0;;
2;Claudia;0290--03;NO UE ;06--2642;2026-03-20 00:00:00;100;42;10;48;20;;4.0;2.0;;;2.0;;;;;;;18.0;2.0;4.0;;;2.0;;;;2;52.0;;
2;Claudia;0290--03;NO UE ;06--2646;2026-03-20 00:00:00;100;47;10;43;19;;4.0;2.0;;;1.0;;;;;;;15.0;7.0;;;;4.0;;;;2;57.0;;
2;Claudia;0290--03;NO UE ;06--2646;2026-03-20 00:00:00;100;50;12;38;15;;6.0;3.0;;;1.0;;;;;;;13.0;5.0;1.0;;;1.0;;;;;62.0;;
2;Claudia;0290--03;NO UE ;06--2647;2026-03-20 00:00:00;100;55;9;36;20;1.0;3.0;1.0;;;;;;;;;;14.0;6.0;2.0;;;3.0;;;;;64.0;;
2;Claudia;0290--03;NO UE ;06--2647;2026-03-20 00:00:00;100;51;12;37;16;3.0;4.0;2.0;;;;;1.0;;;;;11.0;4.0;;;;3.0;;;;;63.0;;
2;Claudia;0290--03;NO UE ;06--2648;2026-03-20 00:00:00;100;51;11;38;19;2.0;2.0;3.0;;;;;;;;;;13.0;6.0;2.0;;;2.0;;;;;62.0;;
2;Claudia;0290--03;NO UE ;06--2648;2026-03-20 00:00:00;100;49;11;40;22;2.0;;3.0;;;1.0;1.0;;;;;;10.0;5.0;4.0;;;2.0;;;;1;60.0;;
2;Claudia;0290--03;NO UE ;06--2649;2026-03-20 00:00:00;100;55;13;32;14;5.0;3.0;;;;1.0;;1.0;;;;;8.0;7.0;5.0;;;1.0;;;;2;68.0;;
2;Claudia;0290--03;NO UE ;06--2649;2026-03-20 00:00:00;100;55;10;35;13;3.0;4.0;2.0;1.0;;;1.0;3.0;;;;;8.0;5.0;;;;3.0;;;;1;65.0;;
2;Claudia;0290--03;NO UE ;06--2645;2026-03-20 00:00:00;100;58;10;32;16;;3.0;2.0;1.0;;;;1.0;;;;;11.0;7.0;2.0;;;4.0;;;;;68.0;;
2;Claudia;0290--03;NO UE ;06--2645;2026-03-20 00:00:00;100;59;11;30;15;1.0;5.0;1.0;;;1.0;;7.0;;;;;8.0;9.0;1.0;;;1.0;;;;;70.0;;
1;Antamapu;0136--001;NO UE ;09--0857;2026-03-20 00:00:00;100;31;15;54;31;3.0;;10.0;1.0;;1.0;;3.0;;;;;3.0;2.0;2.0;;;9.0;;;;lisos 1;46.0;;
1;Antamapu;0136--001;NO UE ;09--0857;2026-03-20 00:00:00;100;32;13;55;42;1.0;;10.0;2.0;;;;1.0;;;;;9.0;7.0;5.0;;;12.0;;;;;45.0;;
1;Antamapu;0136--001;NO UE ;09--0858;2026-03-20 00:00:00;100;29;16;55;40;2.0;;5.0;;;1.0;;5.0;;;;;13.0;2.0;7.0;;;10.0;;;;1;45.0;;
1;Antamapu;0136--001;NO UE ;09--0858;2026-03-20 00:00:00;100;29;18;53;40;3.0;;5.0;;;2.0;2.0;3.0;;;;;12.0;5.0;5.0;;;7.0;;;;2;47.0;;
1;Antamapu;0136--001;NO UE ;09--0859;2026-03-20 00:00:00;100;37;16;47;35;2.0;;7.0;;;5.0;3.0;4.0;;;;;13.0;3.0;6.0;;;5.0;;;;2;53.0;;
1;Antamapu;0136--001;NO UE ;09--0859;2026-03-20 00:00:00;100;31;16;53;38;1.0;;8.0;;;2.0;;3.0;;;;;9.0;6.0;3.0;;;4.0;;;;1;47.0;;
1;El Molino;0419--006;NO UE ;07--603;2026-03-20 00:00:00;100;24;20;56;37;3.0;1.0;7.0;;;1.0;;4.0;;;;;19.0;5.0;9.0;;;7.0;;;;Moteado 2;44.0;;
1;El Molino;0419--006;NO UE ;07--603;2026-03-20 00:00:00;100;31;19;50;32;3.0;3.0;;;;;;;;;;;13.0;3.0;5.0;;;13.0;;;;1;50.0;;
1;El Molino;0419--006;NO UE ;07--601;2026-03-20 00:00:00;100;38;19;43;30;;;8.0;;;;;;;;;;14.0;4.0;5.0;;;7.0;;;;;57.0;;
1;El Molino;0419--006;NO UE ;07--601;2026-03-20 00:00:00;100;32;13;55;37;;;11.0;;;;;;;;;;15.0;6.0;5.0;;;5.0;;;;;45.0;;
1;Claudia;290-003;NO UE ;2657;2026-03-21 00:00:00;100;31;10;59;13;1.0;32.0;11.0;;;1.0;1.0;;;;;;18.0;6.0;7.0;;;9.0;;;;;41.0;;
1;Claudia;290-003;NO UE ;2657;2026-03-21 00:00:00;100;36;10;54;17;2.0;25.0;9.0;;;;1.0;;;;;;17.0;7.0;9.0;;;5.0;;;;;46.0;;
1;la luz;0268--001;NO UE ;4551;2026-03-21 00:00:00;100;35;15;50;18;;14.0;7.0;;;2.0;1.0;;;;;;10.0;3.0;3.0;;;6.0;7.0;;;;50.0;;
1;la luz;0268--001;NO UE ;4551;2026-03-21 00:00:00;100;42;18;40;18;;8.0;6.0;1.0;;2.0;;;;;;;12.0;;6.0;;;7.0;6.0;;;;60.0;;
1;la luz;0268--001;NO UE ;4552;2026-03-21 00:00:00;100;32;16;52;26;4.0;4.0;10.0;;;1.0;;;;;;;10.0;3.0;1.0;;;5.0;7.0;;;;48.0;;
1;la luz;0268--001;NO UE ;4552;2026-03-21 00:00:00;100;31;10;59;24;;12.0;10.0;;;1.0;4.0;;;;;;9.0;6.0;5.0;;;7.0;7.0;1;;;41.0;;
1;Claudia;0290--003;NO UE ;2650;2026-03-21 00:00:00;100;31;9;60;18;2.0;25.0;10.0;;;;;;;;;;37.0;3.0;2.0;;;5.0;5.0;;;;40.0;;
1;Claudia;0290--003;NO UE ;2650;2026-03-21 00:00:00;100;24;8;68;23;4.0;26.0;9.0;;;1.0;;;;;;;31.0;4.0;6.0;;;6.0;5.0;;;;32.0;;
2;Claudia;0290--003;NO UE ;2650;2026-03-21 00:00:00;100;30;11;59;8;2.0;14.0;3.0;;;1.0;;;;;;;31.0;3.0;1.0;;;1.0;;;;;41.0;;
2;Claudia;0290--003;NO UE ;2650;2026-03-21 00:00:00;100;23;10;67;11;2.0;15.0;4.0;;;;;;;;;2.0;33.0;4.0;;;;4.0;;;;;33.0;;
2;Claudia;0290--003;NO UE ;2651;2026-03-21 00:00:00;100;17;7;76;9;1.0;4.0;3.0;;;;;;;;;;59.0;2.0;3.0;;;1.0;;;;;24.0;;
2;Claudia;0290--003;NO UE ;2654;2026-03-21 00:00:00;100;21;10;69;8;4.0;15.0;3.0;;;;;;;;;;40.0;;2.0;;;2.0;;;;;31.0;;
2;Claudia;0290--003;NO UE ;2654;2026-03-21 00:00:00;100;23;10;67;12;1.0;8.0;6.0;;;;;;;;;;40.0;;;;;;;;;;33.0;;
2;Claudia;0290--003;NO UE ;2652;2026-03-21 00:00:00;100;18;9;73;11;3.0;13.0;4.0;;;;;;;;;2.0;40.0;2.0;1.0;;;1.0;;;;;27.0;;
2;Claudia;0290--003;NO UE ;2652;2026-03-21 00:00:00;100;21;12;67;15;2.0;11.0;35.0;;;;;;;;;;35.0;4.0;4.0;;;4.0;;;;;33.0;;
2;Claudia;0290--003;NO UE ;2653;2026-03-21 00:00:00;100;20;8;72;12;3.0;8.0;1.0;;;1.0;;;;;;;47.0;2.0;;;;;;;;;28.0;;
2;Claudia;0290--003;NO UE ;2653;2026-03-21 00:00:00;100;15;8;77;13;3.0;14.0;3.0;;;2.0;;;;;;2.0;40.0;1.0;1.0;;;2.0;;;;;23.0;;
2;Claudia;0290--003;NO UE ;2656;2026-03-21 00:00:00;100;18;7;75;27;3.0;9.0;;;;2.0;3.0;;;;;1.0;40.0;4.0;3.0;;;3.0;;;;;25.0;;
2;Claudia;0290--003;NO UE ;2656;2026-03-21 00:00:00;100;16;7;77;18;4.0;12.0;;;;2.0;;;;;;2.0;48.0;4.0;3.0;;;5.0;;;;;23.0;;
1;Claudia;0290--03;NO UE ;2658;2026-03-24 00:00:00;100;63;20;17;12;1.0;;3.0;;;;1.0;;;;;;2.0;3.0;2.0;;;5.0;;;;Lisos 2;83.0;;
1;Claudia;0290--03;NO UE ;2658;2026-03-24 00:00:00;100;64;15;21;17;1.0;1.0;4.0;;;1.0;1.0;;;;;;6.0;1.0;;;;2.0;;;;;79.0;;
1;Claudia;0290--03;NO UE ;2661;2026-03-24 00:00:00;100;57;16;27;20;;;5.0;;;;2.0;;;;;;6.0;1.0;5.0;;;3.0;;;;;73.0;;
1;Claudia;0290--03;NO UE ;2661;2026-03-24 00:00:00;100;65;16;19;12;1.0;;3.0;;;2.0;1.0;;;;;;7.0;3.0;5.0;;;9.0;;;;;81.0;;
1;Claudia;0290--03;NO UE ;2662;2026-03-24 00:00:00;100;51;14;35;20;;;3.0;8.0;;1.0;;;;;;;1.0;4.0;3.0;6.0;;5.0;;;;;65.0;;
1;Claudia;0290--03;NO UE ;2662;2026-03-24 00:00:00;100;50;13;37;25;;;7.0;2.0;;2.0;;;;;;;6.0;1.0;;3.0;;4.0;;;;;63.0;;
1;Claudia;0290--03;NO UE ;2664;2026-03-24 00:00:00;100;54;14;32;14;2.0;;8.0;;;2.0;;;;;;;3.0;;3.0;;;5.0;;;;Lisos1;68.0;;
1;Claudia;0290--03;NO UE ;2664;2026-03-24 00:00:00;100;48;16;36;24;;;10.0;;;1.0;;;;;;;2.0;1.0;2.0;;;7.0;;;;;64.0;;
1;Claudia;0290--03;NO UE ;2660;2026-03-24 00:00:00;100;55;11;34;26;;;4.0;3.0;;1.0;;;;;;;2.0;2.0;3.0;;;6.0;;;;;66.0;;
1;Claudia;0290--03;NO UE ;2660;2026-03-24 00:00:00;100;58;13;29;20;;;6.0;1.0;;2.0;;;;;;;4.0;1.0;1.0;;;7.0;;;;;71.0;;
1;Claudia;0290--03;NO UE ;2659;2026-03-24 00:00:00;100;49;20;31;25;3.0;;3.0;;;;;;;;;;7.0;2.0;3.0;;;3.0;;;;;69.0;;
1;Claudia;0290--03;NO UE ;2659;2026-03-24 00:00:00;100;55;16;29;18;1.0;;7.0;;;2.0;1.0;;;;;;5.0;2.0;4.0;;;7.0;;;;;71.0;;
2;Claudia;0290--003;NO UE ;2666;2026-03-25 00:00:00;100;42;11;47;34;2.0;;5.0;;;;1.0;3.0;;;;;2.0;;;;;;;;;;53.0;;
2;Claudia;0290--003;NO UE ;2666;2026-03-25 00:00:00;100;41;11;48;38;4.0;;1.0;2.0;;2.0;;1.0;;;;;;;;;;;;;;;52.0;;
2;Claudia;0290--003;NO UE ;2665;2026-03-25 00:00:00;100;47;12;41;35;2.0;;3.0;;;;;1.0;;;;;;;;;;;;;;;59.0;;
2;Claudia;0290--003;NO UE ;2665;2026-03-25 00:00:00;100;53;10;37;20;7.0;;9.0;1.0;;;;;;;;;;;;;;;;;;;63.0;;
2;Antamapu;136-001;NO UE ;860;2026-03-25 00:00:00;100;40;10;50;28;4.0;;18.0;;;;;;;;;;;;;;;;;;;;50.0;;
2;Antamapu;136-001;NO UE ;860;2026-03-25 00:00:00;100;32;11;57;39;5.0;;7.0;2.0;;2.0;;;;;;;;;;;;;;;;;43.0;;
2;Antamapu;136-001;NO UE ;861;2026-03-25 00:00:00;100;31;10;59;40;4.0;;11.0;;;1.0;;;;;;;;;;;;;;;;;41.0;;
2;Antamapu;136-001;NO UE ;861;2026-03-25 00:00:00;100;38;12;50;33;5.0;;9.0;1.0;;;;2.0;;;;;;;;;;;;;;;50.0;;
2;Antamapu;136-001;NO UE ;862;2026-03-25 00:00:00;100;38;13;49;30;2.0;;10.0;;;;;;;;;;7.0;;;;;;;;;;51.0;;
2;Antamapu;136-001;NO UE ;862;2026-03-25 00:00:00;100;37;13;50;25;3.0;;10.0;;;;;;;;;;;;;;;;;;;;50.0;;
2;Antamapu;136-001;NO UE ;863;2026-03-25 00:00:00;100;32;9;59;40;2.0;;4.0;;;;;;;;;;;;;;;;;;;;41.0;;
2;Antamapu;136-001;NO UE ;863;2026-03-25 00:00:00;100;31;9;60;34;4.0;;7.0;;;;;;;;;;;;;;;;;;;;40.0;;
2;Antamapu;136-001;NO UE ;864;2026-03-25 00:00:00;100;31;14;55;40;3.0;;6.0;2.0;;;;;;;;;;;;;;;;;;;45.0;;
2;Antamapu;136-001;NO UE ;864;2026-03-25 00:00:00;100;35;12;53;36;3.0;;7.0;;;;;;;;;;;;;;;;;;;;47.0;;
2;Claudia;0290--003;NO UE ;2668;2026-03-25 00:00:00;100;61;9;30;25;3.0;;1.0;1.0;;;;;;;;;;;;;;;;;;;70.0;;
2;Claudia;0290--003;NO UE ;2668;2026-03-25 00:00:00;100;49;13;38;24;4.0;;5.0;;;;;;;;;;;;;;;;;;;;62.0;;
2;Claudia;0290--003;NO UE ;2670;2026-03-25 00:00:00;100;53;13;34;18;5.0;;7.0;;;;;;;;;;;;;;;;;;;;66.0;;
2;Claudia;0290--003;NO UE ;2670;2026-03-25 00:00:00;100;58;14;28;15;4.0;;5.0;;;;;;;;;;;;;;;;;;;;72.0;;
1;Claudia;0290--003;NO UE ;2672;2026-03-25 00:00:00;100;52;16;32;26;1.0;;3.0;;;1.0;;;;;;;3.0;3.0;4.0;1.0;;4.0;;;;Lisos 2;68.0;;
1;Claudia;0290--003;NO UE ;2672;2026-03-25 00:00:00;100;55;16;29;23;2.0;;4.0;;;;;;;;;;6.0;2.0;;;;5.0;;;;1;71.0;;
1;Claudia;0290--003;NO UE ;2671;2026-03-25 00:00:00;100;52;18;30;18;;;7.0;;;1.0;4.0;;;;;;7.0;4.0;3.0;;;9.0;;;;1;70.0;;
1;Claudia;0290--003;NO UE ;2671;2026-03-25 00:00:00;100;46;16;38;26;;1.0;8.0;;;1.0;2.0;;;;;;8.0;2.0;5.0;;;7.0;;;;;62.0;;
1;Claudia;0290--003;NO UE ;2673;2026-03-25 00:00:00;100;46;19;35;22;3.0;2.0;7.0;;;1.0;;;;;;;8.0;3.0;2.0;;;7.0;;;;;65.0;;
1;Claudia;0290--003;NO UE ;2673;2026-03-25 00:00:00;100;54;19;27;17;1.0;2.0;3.0;;;2.0;2.0;;;;;;6.0;1.0;3.0;;;9.0;;;;1;73.0;;
1;Antamapu;0136--001;NO UE ;865;2026-03-25 00:00:00;100;37;11;52;37;1.0;;11.0;1.0;;2.0;;;;;;;8.0;1.0;6.0;2.0;;6.0;;;;2;48.0;;
1;Antamapu;0136--001;NO UE ;865;2026-03-25 00:00:00;100;38;14;48;35;1.0;;12.0;;;1.0;;;;;;;7.0;6.0;9.0;;;5.0;;;;3;52.0;;
1;Antamapu;0136--001;NO UE ;866;2026-03-25 00:00:00;100;37;8;55;39;2.0;;13.0;;;1.0;;;;;;;10.0;2.0;6.0;;;5.0;;;;;45.0;;
1;Antamapu;0136--001;NO UE ;866;2026-03-25 00:00:00;100;37;12;51;30;2.0;;10.0;5.0;;2.0;;2.0;;;;;9.0;;4.0;1.0;;8.0;;;;;49.0;;
1;Antamapu;0136--001;NO UE ;867;2026-03-25 00:00:00;100;40;13;47;32;;;12.0;2.0;;;;1.0;;;;;11.0;3.0;6.0;;;7.0;;;;;53.0;;
1;Antamapu;0136--001;NO UE ;867;2026-03-25 00:00:00;100;40;15;45;26;1.0;;10.0;7.0;;1.0;;;;;;;11.0;4.0;3.0;;;8.0;;;;;55.0;;
2;Antamapu;0136--001;NO UE ;868;2026-03-25 00:00:00;100;44;12;44;18;2.0;;10.0;;;;;;;;;;14.0;3.0;3.0;;3.0;1.0;;;;;56.0;;
2;Antamapu;0136--001;NO UE ;868;2026-03-25 00:00:00;100;48;15;37;12;3.0;;12.0;;;1.0;;;;;;;9.0;1.0;3.0;;3.0;3.0;;;;;63.0;;
2;Yaquilo;0793--001;NO UE ;601;2026-03-25 00:00:00;100;53;11;36;17;7.0;;;;;1.0;2.0;;;;;;8.0;1.0;5.0;;5.0;2.0;;1;;;64.0;;
2;Yaquilo;0793--001;NO UE ;601;2026-03-25 00:00:00;100;55;13;32;15;2.0;;;;;2.0;1.0;;;;;;4.0;4.0;2.0;;2.0;3.0;;;;;68.0;;
2;Yaquilo;0793--001;NO UE ;602;2026-03-25 00:00:00;100;54;14;32;18;1.0;;2.0;;;;1.0;;;;;;7.0;3.0;7.0;;7.0;4.0;;3;;;68.0;;
2;Yaquilo;0793--001;NO UE ;602;2026-03-25 00:00:00;100;57;13;30;14;;;;;;;3.0;;;;;;5.0;;7.0;;7.0;4.0;;4;;;70.0;;
2;Yaquilo;0793--001;NO UE ;603;2026-03-25 00:00:00;100;56;15;29;12;;;;;;;3.0;;;;;;4.0;4.0;6.0;;6.0;8.0;;2;;;71.0;;
2;Yaquilo;0793--001;NO UE ;603;2026-03-25 00:00:00;100;55;12;33;22;4.0;;;;;;;;;;;;3.0;1.0;5.0;;5.0;7.0;;3;;;67.0;;
1;Antamapu;0136--001;NO UE ;870;2026-03-26 00:00:00;100;41;13;46;28;2.0;;13.0;;;2.0;;1.0;;;;;15.0;;;1.0;;6.0;;;;Lisos1;54.0;;
1;Antamapu;0136--001;NO UE ;870;2026-03-26 00:00:00;100;38;14;48;28;4.0;;14.0;;;;;2.0;;;;;18.0;1.0;3.0;;;3.0;;;;Lisos 2;52.0;;
1;Antamapu;0136--001;NO UE ;869;2026-03-26 00:00:00;100;40;13;47;33;;;10.0;5.0;;2.0;;;;;;;10.0;1.0;3.0;;;4.0;;;;;53.0;;
1;Antamapu;0136--001;NO UE ;869;2026-03-26 00:00:00;100;38;11;51;29;2.0;;17.0;;;1.0;;2.0;;;;;14.0;;2.0;1.0;;3.0;;;;;49.0;;
1;Antamapu;0136--001;NO UE ;871;2026-03-26 00:00:00;100;47;16;37;23;;;12.0;2.0;;;;;;;;;9.0;5.0;3.0;1.0;;4.0;;;;;63.0;;
1;Antamapu;0136--001;NO UE ;871;2026-03-26 00:00:00;100;39;15;46;28;;;12.0;2.0;;;;4.0;;;;;11.0;3.0;1.0;;;9.0;;;;Lisos 1;54.0;;
1;Antamapu;0136--001;NO UE ;872;2026-03-26 00:00:00;100;37;13;50;38;3.0;;5.0;1.0;;1.0;;2.0;;;;;10.0;2.0;5.0;1.0;;3.0;;;;Lisos 2;50.0;;
1;Antamapu;0136--001;NO UE ;872;2026-03-26 00:00:00;100;41;14;45;28;3.0;;6.0;1.0;;1.0;;6.0;;;;;9.0;6.0;4.0;;;3.0;;;;Lisos 1;55.0;;
1;Antamapu;0136--001;NO UE ;874;2026-03-26 00:00:00;100;51;16;33;23;;;7.0;1.0;;2.0;;;;;;;4.0;1.0;3.0;2.0;;6.0;;;;Lisos 1;67.0;;
1;Antamapu;0136--001;NO UE ;874;2026-03-26 00:00:00;100;45;13;42;23;2.0;;14.0;2.0;;;;1.0;;;;;6.0;2.0;3.0;;;3.0;;;;Lisos 1;58.0;;
1;Antamapu;0136--001;NO UE ;875;2026-03-28 00:00:00;100;44;14;42;21;1.0;;;12.0;3.0;;5.0;;;;;;10.0;;3.0;;;3.0;;;;Lisos 2;58.0;;
1;Antamapu;0136--001;NO UE ;875;2026-03-28 00:00:00;100;45;7;48;26;1.0;;13.0;2.0;;4.0;;2.0;;;;;22.0;5.0;2.0;;;5.0;;;;;52.0;;
1;Antamapu;0136--001;NO UE ;876;2026-03-28 00:00:00;100;35;13;52;35;1.0;;12.0;2.0;;2.0;;;;;;;19.0;3.0;3.0;;;3.0;;;;;48.0;;
1;Antamapu;0136--001;NO UE ;876;2026-03-28 00:00:00;100;35;17;48;27;1.0;;1.0;10.0;5.0;3.0;;1.0;;;;;25.0;1.0;2.0;1.0;;2.0;;;;;52.0;;
1;Antamapu;0136--001;NO UE ;878;2026-03-28 00:00:00;100;37;9;54;39;2.0;;9.0;3.0;;1.0;;;;;;;20.0;3.0;1.0;;2.0;2.0;;;;2 Lisos;46.0;;
1;Antamapu;0136--001;NO UE ;878;2026-03-28 00:00:00;100;37;7;56;36;5.0;;6.0;7.0;;;;2.0;;;;;24.0;2.0;;;1.0;4.0;;;;3 lisos;44.0;;
1;Antamapu;0136--001;NO UE ;877;2026-03-28 00:00:00;100;41;13;46;34;4.0;;6.0;;;1.0;;1.0;;;;;18.0;4.0;2.0;;1.0;3.0;;;;;54.0;;
1;Antamapu;0136--001;NO UE ;877;2026-03-28 00:00:00;100;34;17;49;29;1.0;;9.0;5.0;;2.0;;3.0;;;;;17.0;3.0;1.0;;;4.0;;;;2 lisos;51.0;;
2;Claudia;290-003;NO UE ;675;2026-03-30 00:00:00;100;43;12;45;7;10.0;4.0;4.0;;;;10.0;;;;;;10.0;;;;;3.0;;;;;55.0;;
2;Claudia;290-003;NO UE ;675;2026-03-30 00:00:00;100;47;14;39;9;7.0;2.0;;;;;12.0;;;;;;7.0;3.0;1.0;;;3.0;;;;;61.0;;
2;Tajamar;669-001;NO UE ;601;2026-03-30 00:00:00;100;41;14;45;30;4.0;;3.0;;;2.0;;;;;;;7.0;2.0;1.0;;;3.0;;;;;55.0;;
2;Tajamar;669-001;NO UE ;601;2026-03-30 00:00:00;100;47;15;38;27;2.0;;2.0;;;1.0;;;;;;;7.0;1.0;1.0;;;5.0;;;;;62.0;;
2;Claudia;290-003;NO UE ;676;2026-03-30 00:00:00;100;43;14;43;21;9.0;;3.0;;;;4.0;;;;;;6.0;5.0;;;;1.0;;;;;57.0;;
2;Claudia;290-003;NO UE ;676;2026-03-30 00:00:00;100;47;13;40;13;8.0;;4.0;;;;7.0;;;;;;8.0;3.0;2.0;;;3.0;;;;;60.0;;
2;Antamapu;136-001;NO UE ;879;2026-03-30 00:00:00;100;37;14;49;15;3.0;;3.0;2.0;;2.0;;;;;;;20.0;9.0;;;;5.0;;;;3 lisos;51.0;;
2;Antamapu;136-001;NO UE ;879;2026-03-30 00:00:00;100;35;13;52;16;6.0;;4.0;1.0;;;;;;;;;20.0;5.0;1.0;;;7.0;;;;5 lisos;48.0;;
2;Antamapu;136-001;NO UE ;880;2026-03-30 00:00:00;100;31;13;56;33;6.0;;6.0;;;1.0;;;;;;;10.0;2.0;1.0;;;9.0;;;;;44.0;;
2;Antamapu;136-001;NO UE ;880;2026-03-30 00:00:00;100;34;15;51;23;5.0;;5.0;;;2.0;;;;;;;11.0;5.0;3.0;;;9.0;;;;3 lisos;49.0;;
2;Antamapu;136-001;NO UE ;882;2026-03-30 00:00:00;100;32;12;56;30;5.0;;;;;3.0;;;;;;;11.0;3.0;;;;11.0;;;;6 lisos;44.0;;
2;Antamapu;136-001;NO UE ;882;2026-03-30 00:00:00;100;30;11;59;28;5.0;;1.0;;;;;;;;;;18.0;3.0;1.0;;;7.0;;;;7 lisos;41.0;;
2;Claudia;290-003;NO UE ;677;2026-03-30 00:00:00;100;40;14;46;6;4.0;2.0;6.0;;;;12.0;;;;;;16.0;8.0;1.0;;;6.0;;;;;54.0;;
2;Claudia;290-003;NO UE ;677;2026-03-30 00:00:00;100;39;13;48;9;6.0;;7.0;;;;11.0;;;;;;15.0;10.0;3.0;;;3.0;;;;10 lisos;52.0;;
2;La luz;268-001;NO UE ;554;2026-03-30 00:00:00;100;37;16;47;5;;19.0;4.0;;;;4.0;;;;;;5.0;4.0;;;;4.0;;;;8 lisos;53.0;;
2;La luz;268-001;NO UE ;554;2026-03-30 00:00:00;100;33;14;53;11;;20.0;3.0;;;;7.0;;;;;;8.0;4.0;2.0;;;3.0;;;;;47.0;;
1;La luz;268-001;NO UE ;553;2026-03-30 00:00:00;100;28;18;54;11;;10.0;7.0;;;6.0;2.0;;;17.0;;;5.0;2.0;3.0;;;5.0;;;;;46.0;;
1;La luz;268-001;NO UE ;553;2026-03-30 00:00:00;100;26;17;57;15;;14.0;3.0;;;6.0;1.0;;;18.0;;;4.0;3.0;3.0;;;7.0;;;;1;43.0;;
1;Tajamar;669-001;NO UE ;602;2026-03-30 00:00:00;100;31;8;61;40;;;9.0;2.0;;4.0;;5.0;;;;;10.0;3.0;4.0;1.0;;3.0;;;;1;39.0;;
1;Tajamar;669-001;NO UE ;602;2026-03-30 00:00:00;100;44;12;44;33;;;5.0;;;3.0;;3.0;;;;;7.0;5.0;2.0;;;3.0;;;;1;56.0;;
1;Yaquilo;793-001;NO UE ;607;2026-03-30 00:00:00;100;46;14;40;29;;;3.0;1.0;;3.0;2.0;;;2.0;;;5.0;2.0;2.0;2.0;;5.0;;;;2;60.0;;
1;Yaquilo;793-001;NO UE ;607;2026-03-30 00:00:00;100;45;9;46;40;1.0;;3.0;;;1.0;2.0;;;;;;7.0;5.0;5.0;;;4.0;;1;;1;54.0;;
1;Yaquilo;793-001;NO UE ;604;2026-03-30 00:00:00;100;40;15;45;37;1.0;;3.0;1.0;;;3.0;;;;;;9.0;2.0;3.0;;;6.0;;;;5;55.0;;
1;Yaquilo;793-001;NO UE ;604;2026-03-30 00:00:00;100;49;17;34;30;1.0;;1.0;;;1.0;1.0;;;;;;9.0;;3.0;;;7.0;;;;1;66.0;;
1;Yaquilo;793-001;NO UE ;609;2026-03-30 00:00:00;100;43;15;42;33;;;4.0;;;;2.0;;;;;;6.0;2.0;;;;7.0;;;;3;58.0;;
1;Yaquilo;793-001;NO UE ;609;2026-03-30 00:00:00;100;47;14;39;33;;;4.0;1.0;;;1.0;;;;;;9.0;3.0;3.0;;;8.0;;;;1;61.0;;
2;Claudia;0290-003;NO UE ;2678;2026-03-31 00:00:00;100;38;12;50;15;7.0;12.0;;;;;5.0;;;;;;8.0;4.0;1.0;2.0;;3.0;;;;3;50.0;;
2;Claudia;0290-003;NO UE ;2678;2026-03-31 00:00:00;100;37;11;52;18;3.0;7.0;5.0;;;;5.0;;;;;;7.0;7.0;2.0;1.0;1.0;2.0;;1;2.0;2;48.0;;
2;Claudia;0290-003;NO UE ;2679;2026-03-31 00:00:00;100;33;15;52;23;4.0;2.0;4.0;1.0;;;3.0;;;;;;11.0;4.0;;;;4.0;;;2.0;2;48.0;;
2;Claudia;0290-003;NO UE ;2679;2026-03-31 00:00:00;100;34;12;54;24;4.0;11.0;2.0;;;1.0;5.0;;;;;;7.0;3.0;1.0;;1.0;3.0;;;;;46.0;;
2;Claudia;0290-003;NO UE ;2680;2026-03-31 00:00:00;100;30;13;57;22;3.0;9.0;4.0;2.0;;2.0;6.0;;;;;;9.0;4.0;1.0;3.0;;5.0;;;;;43.0;;
2;Claudia;0290-003;NO UE ;2680;2026-03-31 00:00:00;100;30;14;56;14;3.0;18.0;3.0;;;;3.0;;;;;;12.0;9.0;3.0;1.0;;4.0;;;;3;44.0;;
2;Green Pack;0669-001;NO UE ;501;2026-03-31 00:00:00;100;27;11;62;14;;34.0;;;;;2.0;4.0;;;;;8.0;4.0;5.0;2.0;;4.0;;;;;38.0;;
2;Green Pack;0669-001;NO UE ;501;2026-03-31 00:00:00;100;29;9;62;18;;38.0;;;;1.0;;3.0;;;;;8.0;4.0;5.0;2.0;;6.0;;;;;38.0;;
2;La luz;0268-001;NO UE ;555;2026-03-31 00:00:00;100;21;9;70;15;5.0;23.0;4.0;;;;9.0;;;;;;13.0;3.0;1.0;;1.0;6.0;;;;;30.0;;
2;La luz;0268-001;NO UE ;555;2026-03-31 00:00:00;100;22;10;68;17;4.0;21.0;6.0;;;2.0;7.0;;;;;;7.0;6.0;3.0;;;10.0;;;;4;32.0;;
1;Yaquilo;0793-002;UE ;612;2026-03-31 00:00:00;100;43;15;42;33;4.0;;1.0;;;2.0;1.0;;;;;;7.0;3.0;1.0;;;5.0;;1;;;58.0;;
1;Yaquilo;0793-002;UE ;612;2026-03-31 00:00:00;100;44;14;42;33;;;5.0;;;1.0;3.0;;;;;;3.0;2.0;3.0;;;3.0;;;;;58.0;;
1;Yaquilo;0793-002;UE ;610;2026-03-31 00:00:00;100;42;12;46;34;1.0;;6.0;2.0;;;2.0;;;;;;9.0;3.0;4.0;;;3.0;;1;;2;54.0;;
1;Yaquilo;0793-002;UE ;610;2026-03-31 00:00:00;100;43;15;42;27;1.0;;3.0;5.0;;1.0;;3.0;;;;;7.0;1.0;3.0;;;5.0;;;;;58.0;2 Moteado;
1;Yaquilo;0793-002;UE ;611;2026-03-31 00:00:00;100;45;15;40;30;3.0;1.0;1.0;;;2.0;2.0;1.0;;;;;3.0;1.0;5.0;;;6.0;;;;2;60.0;;
1;Yaquilo;0793-002;UE ;611;2026-03-31 00:00:00;100;55;12;33;25;1.0;1.0;7.0;;;;1.0;;;;;;8.0;6.0;2.0;;;4.0;;;;2;67.0;;
1;Yaquilo;0793-002;UE ;613;2026-03-31 00:00:00;100;51;14;35;24;2.0;1.0;6.0;;;;2.0;;;;;;3.0;2.0;3.0;;;7.0;;;;2;65.0;;
1;Yaquilo;0793-002;UE ;613;2026-03-31 00:00:00;100;46;16;38;31;1.0;1.0;2.0;;;;1.0;2.0;;;;;5.0;1.0;1.0;;;6.0;;;;1;62.0;;
1;La luz;0268-001;NO UE ;556;2026-03-31 00:00:00;100;38;12;50;19;;2.0;6.0;1.0;;;4.0;;;;;;18.0;3.0;5.0;3.0;5.0;5.0;;;;;50.0;18Moteado;
1;La luz;0268-001;NO UE ;556;2026-03-31 00:00:00;100;34;11;55;22;3.0;;8.0;;;;6.0;;;;;;16.0;3.0;6.0;3.0;6.0;9.0;;;;1;45.0;16 Moteado;
2;Claudia;0290-003;USA;682;2026-04-01 00:00:00;100;43;12;45;19;;15.0;2.0;;;;2.0;;;;;;7.0;2.0;;;;12.0;;;;;55.0;;
2;Claudia;0290-003;USA;682;2026-04-01 00:00:00;100;33;14;53;15;;20.0;5.0;;;;4.0;;;;;;6.0;5.0;;1.0;;10.0;;;;3;47.0;;
2;Claudia;0290-003;USA;683;2026-04-01 00:00:00;100;32;10;58;34;5.0;8.0;4.0;;;;;;;;;;7.0;4.0;1.0;1.0;;8.0;;;;;42.0;;
2;Claudia;0290-003;USA;683;2026-04-01 00:00:00;100;36;12;52;25;3.0;6.0;6.0;2.0;;1.0;;;;;;;9.0;1.0;;2.0;;8.0;;;;1;48.0;;
2;Claudia;0290-003;USA;684;2026-04-01 00:00:00;100;37;11;52;29;7.0;6.0;3.0;;;2.0;;;;;;;5.0;4.0;;;;5.0;;;;;48.0;;
2;Claudia;0290-003;USA;684;2026-04-01 00:00:00;100;43;13;44;30;5.0;3.0;;;;;;;;;;;4.0;2.0;1.0;;;7.0;;;;;56.0;;
2;Tajamar;0669-001;USA;604;2026-04-01 00:00:00;100;31;9;60;32;1.0;;3.0;;;1.0;;8.0;;;;;15.0;8.0;;2.0;;8.0;;;;;40.0;;
2;Tajamar;0669-001;USA;604;2026-04-01 00:00:00;100;30;9;61;40;;;4.0;;;;;6.0;;;;;8.0;5.0;2.0;2.0;;7.0;;;;;39.0;;
2;Tajamar;0669-001;USA;603;2026-04-01 00:00:00;100;23;10;67;34;5.0;;3.0;;;2.0;;6.0;;;;;17.0;3.0;1.0;1.0;;7.0;;;;;33.0;;
2;Tajamar;0669-001;USA;603;2026-04-01 00:00:00;100;26;10;64;33;6.0;;3.0;;;;;7.0;;;;;9.0;2.0;4.0;;;7.0;;;;;36.0;FRUTA DESHIDRATA 6;
2;La luz;0268-001;NO UE ;557;2026-04-01 00:00:00;100;34;13;53;14;2.0;20.0;4.0;;;1.0;4.0;;;;;;8.0;1.0;1.0;;;6.0;;;;;47.0;;
2;La luz;0268-001;NO UE ;557;2026-04-01 00:00:00;100;30;11;59;20;3.0;16.0;3.0;;;2.0;4.0;;;;;;11.0;3.0;;1.0;;9.0;;;;;41.0;;
2;La luz;0268-001;NO UE ;558;2026-04-01 00:00:00;100;32;13;55;24;;12.0;4.0;;;2.0;6.0;;;;;;6.0;1.0;2.0;;;8.0;;;;;45.0;;
2;La luz;0268-001;NO UE ;558;2026-04-01 00:00:00;100;31;15;54;18;5.0;10.0;4.0;;;1.0;8.0;;;;;;8.0;4.0;1.0;;;10.0;;;;;46.0;;
2;Antamapu;0136-001;UE ;883;2026-04-01 00:00:00;100;22;10;68;36;9.0;;5.0;;;1.0;;1.0;;;;;16.0;3.0;;2.0;;6.0;;;;;32.0;;
2;Antamapu;0136-001;UE ;883;2026-04-01 00:00:00;100;16;8;76;38;11.0;;5.0;;;3.0;5.0;;;;;;14.0;5.0;1.0;3.0;;5.0;;;;;24.0;;
1;Yaquilo;0793-003;UE ;616;2026-04-01 00:00:00;100;46;16;38;28;1.0;;4.0;3.0;;2.0;;;;;;;9.0;2.0;3.0;;;7.0;;;;;62.0;;
1;Yaquilo;0793-003;UE ;616;2026-04-01 00:00:00;100;47;13;40;34;2.0;;4.0;;;;;;;;;;12.0;3.0;2.0;;;7.0;;;;;60.0;;
1;Yaquilo;0793-003;UE ;614;2026-04-01 00:00:00;100;51;13;36;20;1.0;;11.0;3.0;;1.0;;;;;;;13.0;;3.0;;;3.0;;;;1;64.0;;
1;Yaquilo;0793-003;UE ;614;2026-04-01 00:00:00;100;52;16;32;16;1.0;;9.0;6.0;;;;;;;;;14.0;3.0;4.0;;;2.0;;;;;68.0;;
1;Yaquilo;0793-003;UE ;615;2026-04-01 00:00:00;100;50;14;36;25;2.0;;6.0;1.0;;;;2.0;;;;;7.0;3.0;3.0;;;4.0;;;;1;64.0;;
1;Yaquilo;0793-003;UE ;615;2026-04-01 00:00:00;100;52;15;33;22;2.0;;3.0;;;;;3.0;;;;;4.0;2.0;2.0;;;6.0;;;;;67.0;;
1;Yaquilo;0793-003;UE ;617;2026-04-01 00:00:00;100;63;15;22;25;;;5.0;1.0;;;;;;;;;4.0;4.0;3.0;;;8.0;;1;;1;78.0;;
1;Yaquilo;0793-003;UE ;617;2026-04-01 00:00:00;100;46;17;37;19;;;4.0;2.0;;1.0;1.0;;;;;;9.0;2.0;1.0;;;4.0;;;;;63.0;;
2;Antamapu;0136-001;NO UE ;883;2026-04-01 00:00:00;100;20;10;70;38;9.0;;5.0;;;1.0;;1.0;;;;;16.0;;;;;;;;;;30.0;;
2;Antamapu;0136-001;NO UE ;883;2026-04-01 00:00:00;100;15;9;76;38;11.0;;5.0;;;3.0;5.0;;;;;;14.0;;;;;;;;;;24.0;;
2;Antamapu;0136-001;NO UE ;886;2026-04-01 00:00:00;100;18;12;70;43;12.0;;3.0;;;;;2.0;;;;;10.0;;1.0;;;5.0;;;;;30.0;;
2;Antamapu;0136-001;NO UE ;886;2026-04-01 00:00:00;100;24;11;65;37;12.0;;2.0;;;2.0;;1.0;;;;;11.0;;;;;7.0;;;;;35.0;;
2;Tajamar;0669-003;NO UE ;605;2026-04-01 00:00:00;100;27;12;61;50;2.0;;;;;;;;;;;;6.0;;;;;13.0;;;;3;39.0;;
2;Tajamar;0669-003;NO UE ;605;2026-04-01 00:00:00;100;20;11;69;44;7.0;;2.0;;;;;2.0;;;;;10.0;;1.0;;;10.0;;;;4;31.0;;
2;Tajamar;0669-003;NO UE ;606;2026-04-01 00:00:00;100;21;11;68;33;3.0;;4.0;;;2.0;;4.0;;;;;18.0;;1.0;;;10.0;;;;4;32.0;;
2;Tajamar;0669-003;NO UE ;606;2026-04-01 00:00:00;100;20;9;71;40;5.0;;4.0;;;1.0;;2.0;;;;;15.0;;2.0;;;9.0;;;;4;29.0;;
1;Tajamar;0669-003;NO UE ;607;2026-04-02 00:00:00;100;36;13;51;36;1.0;;7.0;2.0;;3.0;;1.0;;;;;14.0;;4.0;;;5.0;1.0;;;3;49.0;;
1;Tajamar;0669-003;NO UE ;607;2026-04-02 00:00:00;100;34;13;53;40;1.0;;5.0;2.0;;3.0;;2.0;;;;;9.0;;5.0;;;3.0;;;;4;47.0;;
1;Tajamar;0669-003;NO UE ;608;2026-04-02 00:00:00;100;48;13;39;31;;;3.0;;;1.0;;4.0;;;;;6.0;;4.0;;;4.0;;;;;61.0;;
1;Tajamar;0669-003;NO UE ;608;2026-04-02 00:00:00;100;32;14;54;44;2.0;;3.0;;;1.0;;4.0;;;;;8.0;;4.0;;;8.0;;;;3;46.0;;
1;Antamapu;0136-001;NO UE ;887;2026-04-02 00:00:00;100;37;10;53;29;3.0;1.0;18.0;1.0;;;;1.0;;;;;11.0;;4.0;;;5.0;;;;4;47.0;;
1;Antamapu;0136-001;NO UE ;887;2026-04-02 00:00:00;100;38;14;48;30;1.0;;10.0;5.0;;;;2.0;;;;;15.0;;4.0;;;6.0;;;;2;52.0;;
1;Antamapu;0136-001;NO UE ;888;2026-04-02 00:00:00;100;37;11;52;32;2.0;;11.0;3.0;;1.0;;3.0;;;;;19.0;;1.0;;;5.0;;;;3;48.0;;
1;Antamapu;0136-001;NO UE ;888;2026-04-02 00:00:00;100;32;15;53;32;3.0;;3.0;8.0;;2.0;;5.0;;;;;20.0;;4.0;;;6.0;;;;7;47.0;;
1;Claudia;0290-008;NO UE ;685;2026-04-02 00:00:00;100;32;21;47;22;8.0;;1.0;;;1.0;;;;;;;6.0;;3.0;;6.0;4.0;7.0;;;;53.0;;
1;Claudia;0290-008;NO UE ;685;2026-04-02 00:00:00;100;33;14;53;30;3.0;1.0;7.0;;;;;;;;;;5.0;;6.0;;5.0;4.0;12.0;;;;47.0;;
2;Claudia;0290-008;USA;685;2026-04-02 00:00:00;100;37;16;47;22;8.0;7.0;1.0;;;1.0;;;;;;;8.0;5.0;3.0;;;4.0;;;;;53.0;;
2;Claudia;0290-008;USA;685;2026-04-02 00:00:00;100;33;14;53;30;3.0;8.0;7.0;;;;;;;;;;5.0;3.0;6.0;;;4.0;;;;;47.0;;
2;Yaquilo;0793-004;UE ;620;2026-04-02 00:00:00;100;29;13;58;28;3.0;;;;;;2.0;;;;;;5.0;7.0;1.0;;;5.0;;;;;42.0;;
2;Yaquilo;0793-004;UE ;620;2026-04-02 00:00:00;100;45;12;43;23;5.0;;2.0;;2.0;;7.0;;;;;;4.0;3.0;;;;10.0;;;;;57.0;;
2;Yaquilo;0793-004;UE ;618;2026-04-02 00:00:00;100;46;14;40;23;1.0;;4.0;;;;4.0;;;;;;5.0;2.0;1.0;;;3.0;;;;3;60.0;;
2;Yaquilo;0793-004;UE ;618;2026-04-02 00:00:00;100;42;13;45;27;;;2.0;;;1.0;5.0;;;;;;7.0;5.0;2.0;;;7.0;;;;3;55.0;;
2;Yaquilo;0793-004;UE ;619;2026-04-02 00:00:00;100;44;14;42;26;3.0;;1.0;;;;3.0;;;;;;5.0;9.0;2.0;;;5.0;;;;4;58.0;;
2;Yaquilo;0793-004;UE ;619;2026-04-02 00:00:00;100;47;13;40;24;5.0;;3.0;;;;;;;;;;7.0;19.0;2.0;;;8.0;;;;1;60.0;;
2;Yaquilo;0793-004;UE ;621;2026-04-04 00:00:00;100;46;14;40;22;4.0;;;;;;;;;;;;12.0;3.0;2.0;1.0;;4.0;;;;2;60.0;;
2;Yaquilo;0793-004;UE ;621;2026-04-04 00:00:00;100;44;14;42;23;1.0;;3.0;;;;4.0;;;;;;9.0;4.0;4.0;2.0;;8.0;;;;2;58.0;;
2;Yaquilo;0793-004;UE ;622;2026-04-04 00:00:00;100;45;13;42;24;8.0;;2.0;;;1.0;;;;;;;7.0;4.0;9.0;1.0;;8.0;;;;;58.0;;
2;Yaquilo;0793-004;UE ;622;2026-04-04 00:00:00;100;45;11;44;29;2.0;;3.0;;;;3.0;;;;;;5.0;5.0;6.0;1.0;;9.0;;;;1;56.0;;
2;Yaquilo;0793-004;UE ;623;2026-04-04 00:00:00;100;45;13;42;17;2.0;;8.0;;;1.0;5.0;5.0;;;;;4.0;4.0;9.0;3.0;;14.0;;;;;58.0;;
2;Yaquilo;0793-004;UE ;623;2026-04-04 00:00:00;100;49;13;38;19;4.0;;3.0;;;1.0;1.0;1.0;;;;;7.0;7.0;10.0;2.0;;10.0;;;;;62.0;;
2;Yaquilo;0793-004;UE ;624;2026-04-04 00:00:00;100;41;15;44;20;5.0;;3.0;;;1.0;7.0;3.0;;;;;3.0;7.0;4.0;2.0;;12.0;;;;2;56.0;;
2;Yaquilo;0793-004;UE ;624;2026-04-04 00:00:00;100;47;14;39;14;5.0;;3.0;;;2.0;;1.0;;;;;6.0;9.0;6.0;2.0;;11.0;;;;4;61.0;;
2;Yaquilo;0793-008;UE ;625;2026-04-07 00:00:00;100;41;14;45;29;13.0;;3.0;;;;;;;;;;6.0;3.0;2.0;;2.0;2.0;;;;;55.0;;
2;Yaquilo;0793-008;UE ;625;2026-04-07 00:00:00;100;42;15;43;24;7.0;;4.0;;;;1.0;;;;;;3.0;5.0;2.0;;3.0;4.0;;;;4;57.0;;
2;Yaquilo;0793-007;UE ;627;2026-04-07 00:00:00;100;40;16;44;22;7.0;;2.0;;;1.0;3.0;;;;;;3.0;13.0;3.0;;2.0;8.0;;2;;4;56.0;;
2;Yaquilo;0793-007;UE ;627;2026-04-07 00:00:00;100;44;16;40;30;5.0;;2.0;;;;;;;;;;5.0;8.0;6.0;1.0;3.0;10.0;;;;3;60.0;;
2;Yaquilo;0793-007;UE ;628;2026-04-07 00:00:00;100;44;13;43;31;4.0;;2.0;;;4.0;1.0;;;;;;2.0;2.0;3.0;;2.0;6.0;;;;;57.0;;
2;Yaquilo;0793-007;UE ;628;2026-04-07 00:00:00;100;47;11;42;34;5.0;;2.0;;;1.0;;;;;;;2.0;6.0;2.0;3.0;14.0;5.0;; ;;;58.0;;
1;Yaquilo;0793-005;UE ;626;2026-04-07 00:00:00;100;50;12;38;25;7.0;;3.0;;;1.0;2.0;;;;;;2.0;;3.0;;6.0;4.0;;;;2;62.0;;
1;Yaquilo;0793-005;UE ;626;2026-04-07 00:00:00;100;55;11;34;27;2.0;;4.0;;;;1.0;;;;;;4.0;;;;3.0;3.0;;;;1;66.0;;
1;Tajamar;0669-001;USA;611;2026-04-07 00:00:00;100;38;14;48;27;;;9.0;;;3.0;;9.0;;;;;3.0;;3.0;;;6.0;;;;2;52.0;;
1;Tajamar;0669-001;USA;611;2026-04-07 00:00:00;100;42;11;47;26;2.0;;8.0;;;5.0;;6.0;;;;;2.0;;1.0;;;4.0;;;;1;53.0;;
1;Tajamar;0669-001;USA;612;2026-04-07 00:00:00;100;28;10;62;39;2.0;2.0;10.0;;;1.0;;8.0;;;;;5.0;;4.0;;;4.0;;;;;38.0;;
1;Tajamar;0669-001;USA;612;2026-04-07 00:00:00;100;36;12;52;33;2.0;;6.0;;;5.0;;6.0;;;;;5.0;;2.0;;;4.0;;;;;48.0;;
2;Yaquilo;0793-008;UE ;625;2026-04-07 00:00:00;100;41;14;45;29;13.0;;3.0;;;;;;;;;;3.0;3.0;2.0;;2.0;2.0;;;;;55.0;;
2;Yaquilo;0793-008;UE ;625;2026-04-07 00:00:00;100;42;15;43;24;7.0;;4.0;;;;1.0;;;;;;6.0;5.0;2.0;;3.0;4.0;;;;4;57.0;;
2;Yaquilo;0793-008;UE ;627;2026-04-07 00:00:00;100;40;16;44;22;7.0;;2.0;;;1.0;3.0;;;;;;3.0;13.0;3.0;;2.0;8.0;;2;;4;56.0;;
2;Yaquilo;0793-008;UE ;627;2026-04-07 00:00:00;100;44;16;40;30;5.0;;2.0;;;;;;;;;;5.0;8.0;6.0;1.0;3.0;10.0;;;;3;60.0;;
2;Yaquilo;0793-008;UE ;628;2026-04-07 00:00:00;100;44;13;43;31;4.0;;2.0;;;4.0;;;;;;;2.0;2.0;3.0;;2.0;6.0;;;;;57.0;;
2;Yaquilo;0793-008;UE ;628;2026-04-07 00:00:00;100;47;11;42;34;5.0;;2.0;;;1.0;;;;;;;2.0;6.0;2.0;3.0;14.0;5.0;;;;;58.0;;
1;Yaquilo;0793-005;UE ;626;2026-04-07 00:00:00;100;50;12;38;25;7.0;;3.0;;;1.0;2.0;;;;;;2.0;3.0;3.0;;6.0;4.0;;;;2;62.0;;
1;Yaquilo;0793-005;UE ;626;2026-04-07 00:00:00;100;55;11;34;27;2.0;;4.0;;;;1.0;;;;;;4.0;2.0;;;3.0;3.0;;;;1;66.0;;
1;Tajamar;0669-001;NO UE ;611;2026-04-07 00:00:00;100;38;14;48;27;;;9.0;;;3.0;;9.0;;;;;3.0;3.0;3.0;;;6.0;;;;2;52.0;;
1;Tajamar;0669-001;NO UE ;611;2026-04-07 00:00:00;100;42;11;47;26;2.0;;8.0;;;5.0;;6.0;;;;;2.0;1.0;1.0;;;4.0;;;;1;53.0;;
1;Tajamar;0669-001;NO UE ;612;2026-04-07 00:00:00;100;28;10;62;39;2.0;2.0;10.0;;;1.0;;8.0;;;;;5.0;3.0;4.0;;;4.0;;;;;38.0;;
1;Tajamar;0699-001;NO UE ;612;2026-04-07 00:00:00;100;36;12;52;33;2.0;;6.0;;;5.0;;6.0;;;;;5.0;5.0;2.0;;;4.0;;;;;48.0;;
2;Yaquilo;0793-006;UE ;630;2026-04-08 00:00:00;100;51;15;34;24;6.0;1.0;2.0;;;;;;;;;;;3.0;1.0;1.0;3.0;11.0;;2;;1;66.0;;
2;Yaquilo;0793-006;UE ;630;2026-04-08 00:00:00;100;39;13;48;24;7.0;;5.0;;;;2.0;;;;;;11.0;8.0;3.0;3.0;2.0;7.0;;;;3;52.0;;
2;Yaquilo;0793-006;UE ;632;2026-04-08 00:00:00;100;47;15;38;30;2.0;;2.0;;;;;3.0;;;;;;8.0;2.0;1.0;1.0;4.0;;;;1;62.0;;
2;Yaquilo;0793-006;UE ;632;2026-04-08 00:00:00;100;41;16;43;28;6.0;;3.0;;;;;;;;;;4.0;13.0;1.0;2.0;2.0;8.0;;;;2;57.0;;
2;Yaquilo;0793-006;UE ;629;2026-04-08 00:00:00;100;44;12;44;23;5.0;;2.0;2.0;;2.0;;;;;;;10.0;8.0;5.0;;1.0;3.0;;;;;56.0;;
2;Yaquilo;0793-006;UE ;629;2026-04-08 00:00:00;100;41;11;48;29;4.0;;3.0;;;;3.0;;;;;;9.0;4.0;5.0;;2.0;7.0;;;;;52.0;;
2;Yaquilo;0793-006;UE ;631;2026-04-08 00:00:00;100;38;12;50;22;5.0;;4.0;;;2.0;;3.0;;;;;8.0;12.0;10.0;1.0;;10.0;;;;;50.0;;
2;Yaquilo;0793-006;UE ;631;2026-04-08 00:00:00;100;42;12;46;20;5.0;;2.0;;;1.0;;;;;;;9.0;7.0;7.0;3.0;2.0;9.0;;;;1;54.0;;
2;Yaquilo;0793-006;UE ;635;2026-04-08 00:00:00;100;50;14;36;22;9.0;;2.0;;;;3.0;;;;;;;5.0;4.0;;;4.0;;;;3;64.0;;
2;Yaquilo;0793-006;UE ;635;2026-04-08 00:00:00;100;51;15;34;20;8.0;;2.0;;1.0;;;;;;;;3.0;5.0;2.0;;1.0;4.0;;;;;66.0;;
1;Los Chicos;0541-001;NO UE ;101;2026-04-08 00:00:00;100;31;11;58;35;2.0;3.0;15.0;;;1.0;;;;;;;8.0;1.0;5.0;;1.0;10.0;2.0;;;1;42.0;;
1;Los Chicos;0541-001;NO UE ;101;2026-04-08 00:00:00;100;27;10;63;31;4.0;;9.0;;;1.0;2.0;5.0;;;;;11.0;4.0;4.0;;;4.0;11.0;;;;37.0;;
1;Los Chicos;0541-001;NO UE ;102;2026-04-08 00:00:00;100;36;10;54;32;1.0;;8.0;;;4.0;;3.0;;;;;6.0;3.0;1.0;;;10.0;5.0;1;;;46.0;;
1;Los Chicos;0541-001;NO UE ;102;2026-04-08 00:00:00;100;32;15;53;32;1.0;;13.0;;;3.0;;1.0;;;;;5.0;1.0;4.0;;;10.0;3.0;;;;47.0;;
1;Claudia;0290-003;USA;689;2026-04-08 00:00:00;100;36;13;51;29;2.0;6.0;6.0;;;5.0;2.0;;;;;;7.0;2.0;3.0;;;5.0;1.0;;;1;49.0;;
1;Claudia;0290-003;USA;689;2026-04-08 00:00:00;100;38;16;46;20;4.0;9.0;2.0;;;2.0;;;;;;;5.0;3.0;2.0;;1.0;6.0;9.0;;;;54.0;;
1;Claudia;0290-003;USA;686;2026-04-08 00:00:00;100;26;9;65;31;6.0;5.0;6.0;;;5.0;2.0;;;;;2.0;9.0;1.0;1.0;;;4.0;8.0;;;;35.0;;
1;Claudia;0290-003;USA;686;2026-04-08 00:00:00;100;46;14;40;17;3.0;7.0;;;;;5.0;;;;;1.0;5.0;4.0;3.0;;;3.0;6.0;1;;;60.0;;
1;Claudia;0290-003;USA;688;2026-04-08 00:00:00;100;42;20;38;10;2.0;14.0;5.0;;;2.0;;;;;;1.0;8.0;4.0;6.0;;;4.0;4.0;;;;62.0;;
1;Claudia;0290-003;USA;688;2026-04-08 00:00:00;100;45;16;39;17;9.0;5.0;2.0;3.0;;1.0;;;;;;1.0;5.0;1.0;3.0;;;7.0;1.0;;;;61.0;;
1;Claudia;0290-003;USA;691;2026-04-08 00:00:00;100;53;15;32;18;3.0;3.0;3.0;;;1.0;1.0;;;;;1.0;7.0;3.0;3.0;;;5.0;2.0;;;2;68.0;;
1;Claudia;0290-003;USA;691;2026-04-08 00:00:00;100;54;14;32;19;3.0;;4.0;;;;;;;;;;4.0;3.0;1.0;;;3.0;6.0;;;;68.0;;
1;Claudia;0290-003;USA;687;2026-04-08 00:00:00;100;47;11;42;26;3.0;4.0;4.0;;;;;;;;;2.0;9.0;2.0;3.0;;;7.0;3.0;;;;58.0;;
1;Claudia;0290-003;USA;687;2026-04-08 00:00:00;100;43;13;44;24;2.0;2.0;10.0;;;2.0;3.0;1.0;;;;;11.0;3.0;2.0;;;4.0;1.0;;;1;56.0;;
1;Claudia;0290-003;USA;692;2026-04-08 00:00:00;100;43;16;41;25;2.0;4.0;4.0;;;;;;;;;4.0;10.0;4.0;3.0;;1.0;4.0;1.0;1;;1;59.0;;
1;Claudia;0290-003;USA;692;2026-04-08 00:00:00;100;48;12;40;27;2.0;1.0;4.0;2.0;;;;;;;;;10.0;4.0;7.0;;3.0;4.0;2.0;2;1.0;;60.0;;
2;Claudia;0290-003;USA;692;2026-04-08 00:00:00;100;43;16;41;25;2.0;5.0;4.0;;;2.0;;;;;;;;;3.0;;1.0;4.0;2.0;;;;59.0;;
2;Claudia;0290-003;USA;692;2026-04-08 00:00:00;100;48;12;40;27;2.0;3.0;4.0;2.0;;;;;;;;;;;7.0;;3.0;4.0;2.0;;;;60.0;;
2;Tajamar;0669-001;USA;613;2026-04-08 00:00:00;100;38;12;50;37;1.0;;3.0;;;;;3.0;;;;;7.0;;;1.0;4.0;4.0;;;;;50.0;;
2;Tajamar;0669-001;NO UE ;613;2026-04-08 00:00:00;100;34;16;50;29;;;2.0;;;;;7.0;;;;;8.0;;2.0;;5.0;6.0;;;;4;50.0;;
2;Tajamar;0669-001;NO UE ;614;2026-04-08 00:00:00;100;34;17;49;25;3.0;;5.0;4.0;;;;6.0;;;;;3.0;;1.0;;;3.0;;;;3;51.0;;
2;Tajamar;0669-001;NO UE ;614;2026-04-08 00:00:00;100;30;14;56;35;5.0;;;;;1.0;;2.0;;;;;11.0;;3.0;;1.0;1.0;;;;10;44.0;;
2;Tajamar;0669-001;NO UE ;609;2026-04-08 00:00:00;100;27;11;62;39;;;3.0;;;;;3.0;;;;;19.0;;;;;4.0;;;;6;38.0;;
2;Tajamar;0669-001;NO UE ;609;2026-04-08 00:00:00;100;22;10;68;34;3.0;;2.0;;;3.0;;4.0;;;;;9.0;;3.0;;3.0;5.0;;;;3;32.0;;
2;Tajamar;0669-001;NO UE ;610;2026-04-08 00:00:00;100;33;15;52;25;2.0;;;;;9.0;;3.0;;;;;11.0;;4.0;;3.0;5.0;;;;4;48.0;;
2;Tajamar;0669-001;NO UE ;610;2026-04-08 00:00:00;100;31;14;55;27;3.0;;2.0;;;5.0;;4.0;;;;;;;2.0;;1.0;2.0;;;;3;45.0;;
1;Tajamar;0669-001;USA;615;2026-04-10 00:00:00;100;32;13;55;37;1.0;;8.0;;;5.0;;4.0;;;;;12.0;1.0;3.0;;;4.0;;;;5;45.0;12% OLEOS;
1;Tajamar;0669-001;USA;645;2026-04-10 00:00:00;100;29;15;56;41;1.0;;8.0;;;1.0;1.0;4.0;;;;;12.0;4.0;1.0;;;5.0;;;;1;44.0;;
1;Tajamar;0669-001;USA;616;2026-04-10 00:00:00;100;34;16;50;35;;;4.0;;;2.0;;9.0;;;;;12.0;3.0;4.0;;;10.0;;;;4;50.0;;
1;Tajamar;0669-001;USA;616;2026-04-10 00:00:00;100;30;10;60;44;4.0;;3.0;;;3.0;;6.0;;;;;8.0;3.0;3.0;;;8.0;1.0;;;4;40.0;;
1;Tajamar;0669-001;USA;617;2026-04-10 00:00:00;100;42;13;45;30;1.0;;8.0;;;3.0;;3.0;;;;;22.0;3.0;2.0;;;3.0;;;;;55.0;12% OLEOS;
1;Tajamar;0669-001;USA;617;2026-04-10 00:00:00;100;39;16;45;34;2.0;;4.0;;;4.0;1.0;1.0;;;;;13.0;2.0;4.0;;;6.0;;;;3;55.0;;
1;Tajamar;0669-001;USA;618;2026-04-10 00:00:00;100;38;13;49;36;1.0;;6.0;;;1.0;;5.0;;;;;9.0;2.0;3.0;;;5.0;;;;3;51.0;;
1;Tajamar;0669-001;USA;618;2026-04-10 00:00:00;100;43;10;47;31;2.0;;4.0;;;4.0;;4.0;;;;;13.0;1.0;2.0;;;4.0;;;;4;53.0;13% OLEOS;
1;Tajamar;0669-001;USA;619;2026-04-10 00:00:00;100;36;13;51;35;1.0;;12.0;;;3.0;;;;;;;7.0;4.0;3.0;;;8.0;1.0;;;2;49.0;;
1;Tajamar;0669-001;USA;619;2026-04-10 00:00:00;100;41;11;48;34;1.0;;3.0;2.0;;2.0;;5.0;;;;;5.0;2.0;1.0;;;6.0;;;;4;52.0;;
2;Tajamar;0669-006;USA;631;2026-04-15 00:00:00;100;42;15;43;17;3.0;;6.0;1.0;;1.0;;5.0;;;;;6.0;;;;1.0;4.0;;;;4;57.0;;
2;Tajamar;0669-006;USA;631;2026-04-16 00:00:00;100;36;13;51;29;5.0;;3.0;;;;;2.0;;;;;6.0;;;1.0;;3.0;;;;6;49.0;;
2;Tajamar;0669-006;USA;634;2026-04-16 00:00:00;100;37;15;48;22;1.0;;4.0;2.0;;2.0;;;;;;;11.0;;1.0;1.0;;2.0;;;;6;52.0;;
2;Tajamar;0669-006;USA;364;2026-04-16 00:00:00;100;42;15;43;23;3.0;;4.0;1.0;;1.0;;3.0;;;;;12.0;;3.0;2.0;;;;;;4;57.0;;
2;Tajamar;0669-006;USA;635;2026-04-16 00:00:00;100;41;14;45;21;4.0;;;2.0;;2.0;;4.0;;;;;6.0;;1.0;;;1.0;;;;5;55.0;;
2;Tajamar;0669-006;USA;635;2026-04-16 00:00:00;100;39;13;48;22;6.0;;;;;1.0;;3.0;;;;;9.0;;1.0;2.0;;4.0;;;;7;52.0;;
2;Tajamar;0669-008;USA;636;2026-04-16 00:00:00;100;35;12;53;21;8.0;;;;;;;1.0;;;;;6.0;;3.0;;;4.0;;;;13;47.0;;
2;Tajamar;0669-008;USA;636;2026-04-16 00:00:00;100;36;13;51;19;8.0;;1.0;1.0;;3.0;;;;;;;8.0;;4.0;;5.0;5.0;;;;9;49.0;;
2;Tajamar;0669-008;USA;637;2026-04-16 00:00:00;100;35;13;52;29;5.0;;3.0;;;;;4.0;;;;;;;3.0;2.0;1.0;1.0;;;;9;48.0;;
2;Tajamar;0669-008;USA;637;2026-04-16 00:00:00;100;38;11;51;27;7.0;;2.0;;;2.0;;2.0;;;;;4.0;;3.0;2.0;;3.0;;;;8;49.0;;
2;Claudia;0290-003;USA;714;2026-04-16 00:00:00;100;40;14;46;11;9.0;3.0;1.0;;;;;2.0;1.0;;;;18.0;;1.0;;;3.0;;;;;;;
2;Claudia;0290-003;USA;714;2026-04-16 00:00:00;100;32;11;57;12;4.0;3.0;2.0;;;1.0;1.0;1.0;3.0;;;;28.0;;3.0;;1.0;3.0;;;;;;;
2;Claudia;0290-003;USA;715;2026-04-16 00:00:00;100;40;13;47;20;4.0;;4.0;;;;;;2.0;;;;13.0;;;;2.0;4.0;;;;2;;;
2;Claudia;0290-003;USA;715;2026-04-16 00:00:00;100;36;15;49;16;3.0;2.0;5.0;;;1.0;3.0;2.0;3.0;;;;16.0;;1.0;;2.0;1.0;;;;2;;;
1;Claudia;0290-003;USA;708;2026-04-14 00:00:00;100;55;13;32;23;3.0;;2.0;;;2.0;;;;;;2.0;8.0;;3.0;;;4.0;;;;;;;
1;Claudia;0290-003;USA;708;2026-04-14 00:00:00;100;42;6;42;27;5.0;;3.0;;;;4.0;;;;;3.0;9.0;;2.0;;;4.0;;;;;;;
1;Claudia;0290-003;USA;713;2026-04-14 00:00:00;100;66;10;24;17;2.0;;;;;1.0;;;;;;2.0;15.0;;2.0;;1.0;4.0;;;;;;;
1;Claudia;0290-003;USA;713;2026-04-14 00:00:00;100;45;10;45;28;2.0;;5.0;;;2.0;5.0;;;;;2.0;6.0;;2.0;;2.0;5.0;;;;;;;
1;Yaquilo;0793-01;UE ;654;2026-04-15 00:00:00;100;61;12;27;21;2.0;;3.0;;;;;;;;;;2.0;;;;;3.0;;;;1;;;
1;Yaquilo;0793-01;UE ;654;2026-04-15 00:00:00;100;56;12;32;21;1.0;;1.0;;;5.0;;3.0;;;;;8.0;;9.0;;;4.0;;1;;;;;
1;Yaquilo;0793-01;UE ;652;2026-04-15 00:00:00;100;57;18;25;20;3.0;;1.0;;;1.0;;;;;;;9.0;;11.0;;;3.0;;1;;1;;;
1;Yaquilo;0793-01;UE ;652;2026-04-15 00:00:00;100;58;13;29;21;2.0;;1.0;;;4.0;;;;;;;15.0;;10.0;;;3.0;;1;;1;;;
1;Yaquilo;0793-01;UE ;655;2026-04-15 00:00:00;100;53;17;30;23;3.0;;4.0;;;1.0;;;;;;;11.0;;13.0;;;6.0;;;;2;;;
1;Yaquilo;0793-01;UE ;655;2026-04-15 00:00:00;100;59;19;22;17;3.0;;1.0;;;1.0;;;;;;;4.0;;11.0;;;4.0;;;;1;;;
1;Yaquilo;0793-01;UE ;653;2026-04-15 00:00:00;100;50;14;36;31;1.0;;2.0;1.0;;1.0;;;;;;;5.0;;12.0;1.0;;3.0;;;;2;;;
1;Yaquilo;0793-01;UE ;653;2026-04-15 00:00:00;100;49;14;37;27;;;3.0;;;4.0;;;;;;;10.0;;9.0;;3.0;7.0;;1;;2;;;
1;Yaquilo;0793-01;UE ;651;2026-04-15 00:00:00;100;54;20;26;22;;;2.0;;;1.0;;;;;;1.0;3.0;;11.0;;3.0;6.0;;;;1;;;
1;Yaquilo;0793-01;UE ;651;2026-04-15 00:00:00;100;63;12;25;18;3.0;;1.0;;;3.0;;;;;;;4.0;;7.0;;;4.0;;;;2;;;
1;Tajamar;0669-006;USA;632;2026-04-15 00:00:00;100;39;10;51;33;;;10.0;;;6.0;;2.0;;;;;7.0;;5.0;;;7.0;;;;1;;;
1;Tajamar;0669-006;USA;632;2026-04-15 00:00:00;100;36;16;48;39;1.0;;3.0;;;4.0;;1.0;;;;;6.0;;3.0;;;4.0;;;;1;;;
1;Tajamar;0669-006;USA;633;2026-04-15 00:00:00;100;33;17;50;37;1.0;;5.0;1.0;;5.0;;;;;;;12.0;;4.0;;1.0;5.0;;1;;5;;;
1;Tajamar;0669-006;USA;633;2026-04-15 00:00:00;100;34;13;53;41;1.0;;3.0;;;3.0;;5.0;;;;;11.0;;5.0;;2.0;8.0;;;;3;;;
2;Antamapu;0136-016;UE ;956;2026-04-17 00:00:00;100;48;14;38;23;6.0;;2.0;;;;;5.0;;;;;10.0;4.0;1.0;;;3.0;;;;1;;;
2;Antamapu;0136-016;UE ;956;2026-04-17 00:00:00;100;49;13;38;25;4.0;;1.0;;;;;2.0;;;;;2.0;10.0;;;;2.0;;;;4;;;
2;Antamapu;0136-016;UE ;719;2026-04-17 00:00:00;100;47;13;40;22;4.0;;3.0;;;;;3.0;;;;;;3.0;3.0;;;1.0;;;;8;;;
2;Antamapu;0136-016;UE ;719;2026-04-17 00:00:00;100;48;15;37;16;6.0;;2.0;;;;;4.0;;;;;3.0;6.0;;;;4.0;;;;6;;;
2;Claudia;0290-003;USA;718;2026-04-17 00:00:00;100;44;13;43;10;8.0;1.0;3.0;1.0;;;;2.0;;;;1.0;14.0;9.0;2.0;;;4.0;;;;3;;;
2;Claudia;0290-003;USA;718;2026-04-17 00:00:00;100;40;15;45;13;4.0;;4.0;1.0;;;;4.0;;;;;19.0;6.0;2.0;;;3.0;;;;;;;
2;Claudia;0290-003;USA;717;2026-04-17 00:00:00;100;44;11;45;19;8.0;3.0;1.0;;;1.0;;;;;;;13.0;4.0;2.0;;;6.0;;;;;;;
2;Claudia;0290-003;USA;717;2026-04-17 00:00:00;100;39;12;49;10;11.0;6.0;4.0;;;;;1.0;;;;;14.0;3.0;4.0;;;5.0;;;;3;;;
2;Claudia;0290-003;USA;720;2026-04-17 00:00:00;100;43;14;43;12;8.0;;3.0;;;3.0;;2.0;4.0;;;1.0;9.0;5.0;1.0;2.0;;4.0;;;;2;;;
2;Claudia;0290-003;USA;720;2026-04-17 00:00:00;100;40;12;47;16;6.0;;;;;2.0;;3.0;4.0;;;;11.0;5.0;1.0;;;7.0;;;;5;;;
2;Claudia;0290-003;USA;716;2026-04-17 00:00:00;100;40;12;48;9;10.0;;4.0;;;;;3.0;;;;;20.0;5.0;3.0;;2.0;9.0;;;;2;;;
2;Claudia;0290-003;USA;716;2026-04-17 00:00:00;100;38;13;49;15;8.0;;2.0;;;2.0;;3.0;2.0;;;1.0;16.0;6.0;2.0;;1.0;9.0;;;;;;;
2;Claudia;0290-003;USA;721;2026-04-17 00:00:00;100;33;9;58;18;12.0;3.0;2.0;;;;;2.0;2.0;;;;20.0;5.0;;;2.0;6.0;;;;;;;
2;Claudia;0290-003;USA;721;2026-04-17 00:00:00;100;37;10;53;19;9.0;4.0;;;;1.0;;1.0;3.0;;;;16.0;7.0;2.0;;;3.0;;;;;;;
2;Claudia;0290-003;USA;724;2026-04-17 00:00:00;100;50;13;37;21;6.0;2.0;;;;1.0;1.0;;2.0;;;;4.0;2.0;;;1.0;4.0;;;;;;;
2;Claudia;0290-003;USA;724;2026-04-17 00:00:00;100;36;15;49;20;8.0;2.0;;;;;2.0;2.0;2.0;;;;10.0;2.0;1.0;;2.0;1.0;;;;3;;;
2;Claudia;0290-003;USA;725;2026-04-17 00:00:00;100;39;11;50;14;14.0;3.0;5.0;;;1.0;;;1.0;;;;12.0;2.0;;;1.0;8.0;;;;;;;
2;Claudia;0290-003;USA;725;2026-04-17 00:00:00;100;35;11;54;18;10.0;4.0;4.0;;;2.0;;;1.0;;;;15.0;3.0;1.0;;2.0;6.0;;;;;;;
2;Claudia;0290-003;USA;725;2026-04-17 00:00:00;100;29;13;58;14;21.0;;7.0;;;;;;1.0;;;;10.0;4.0;3.0;;;3.0;;;;3;;;
2;Claudia;0290-003;USA;725;2026-04-17 00:00:00;100;37;14;49;13;13.0;4.0;3.0;;;;;1.0;2.0;;;;13.0;4.0;1.0;;2.0;5.0;;;;;;;
1;Yaquilo;0793-001,;UE ;657;2026-04-16 00:00:00;100;54;19;27;20;;;4.0;;;3.0;;;;;;;8.0;1.0;3.0;2.0;;5.0;;;;3;;;
1;Yaquilo;0793-001,;UE ;657;2026-04-16 00:00:00;100;60;17;23;18;;;3.0;;;2.0;;;;;;;;1.0;;;;4.0;;;;2;;;
1;Yaquilo;0793-001,;UE ;658;2026-04-16 00:00:00;100;44;12;44;35;1.0;;4.0;2.0;;;;;;;;;16.0;;2.0;1.0;;4.0;2.0;;;1;;;
1;Yaquilo;0793-001,;UE ;658;2026-04-16 00:00:00;100;53;17;30;21;1.0;;4.0;;;3.0;;;;;;;6.0;3.0;1.0;;;4.0;;1;;1;;;
1;Yaquilo;0793-001,;UE ;659;2026-04-16 00:00:00;100;59;15;26;13;2.0;;9.0;;;2.0;;;;;;;2.0;3.0;1.0;;;5.0;;;;;;;
1;Yaquilo;0793-001,;UE ;659;2026-04-16 00:00:00;100;59;12;29;18;2.0;;6.0;;;2.0;;1.0;;;;;4.0;2.0;4.0;;;7.0;;;;1;;;
1;Yaquilo;0793-001,;UE ;660;2026-04-16 00:00:00;100;63;9;28;19;1.0;;3.0;;;4.0;;1.0;;;;;4.0;3.0;3.0;;;6.0;;;;2;;;
1;Yaquilo;0793-001,;UE ;660;2026-04-16 00:00:00;100;66;13;21;17;;;2.0;;;;;;;;;;6.0;2.0;2.0;;;3.0;;1;;2;;;
1;Yaquilo;0793-001,;UE ;656;2026-04-16 00:00:00;100;55;11;34;28;;;3.0;;;1.0;;;;;;;11.0;2.0;9.0;;;4.0;;2;;2;;;
1;Yaquilo;0793-001,;UE ;656;2026-04-16 00:00:00;100;49;11;40;34;1.0;;2.0;1.0;;2.0;;;;;;;15.0;2.0;11.0;;;6.0;;;;;;;
1;Antamapu;0136-014;UE ;955;2026-04-16 00:00:00;100;53;11;36;26;;;5.0;;;2.0;;3.0;;;;;6.0;2.0;3.0;;;5.0;;;;;;;
1;Antamapu;0136-014;UE ;955;2026-04-16 00:00:00;100;47;15;38;17;3.0;;5.0;;;2.0;;11.0;;;;;5.0;1.0;3.0;;2.0;4.0;;;;1;;;
1;Yaquilo;0793-001;UE ;665;2026-04-17 00:00:00;100;67;11;22;13;5.0;;3.0;;;;;;;;;;3.0;3.0;2.0;;;5.0;;1;;;;;
1;Yaquilo;0793-001;UE ;665;2026-04-17 00:00:00;100;63;10;27;10;3.0;;3.0;1.0;;3.0;;;;;;;2.0;3.0;;;3.0;3.0;;;;2;;;
1;Yaquilo;0793-001;UE ;662;2026-04-17 00:00:00;100;59;12;29;23;3.0;;1.0;;;1.0;;;;;;;4.0;4.0;1.0;;3.0;4.0;;1;;1;;;
1;Yaquilo;0793-001;UE ;662;2026-04-17 00:00:00;100;55;18;27;21;1.0;;5.0;1.0;;;;;;;;;2.0;6.0;2.0;;4.0;5.0;;;;;;;
1;Yaquilo;0793-001;UE ;664;2026-04-17 00:00:00;100;55;15;30;17;3.0;;2.0;;;2.0;6.0;;;;;;3.0;2.0;1.0;;2.0;3.0;;;;2;;;
1;Yaquilo;0793-001;UE ;664;2026-04-17 00:00:00;100;67;9;24;16;1.0;;3.0;;;2.0;;1.0;;;;;4.0;7.0;3.0;;1.0;4.0;;1;;;;;
1;Yaquilo;0793-001;UE ;663;2026-04-17 00:00:00;100;62;12;26;18;2.0;;;;;3.0;;1.0;;;;;2.0;3.0;1.0;;2.0;6.0;;1;;;;;
1;Yaquilo;0793-001;UE ;663;2026-04-17 00:00:00;100;69;11;20;13;;;1.0;;;2.0;3.0;;;;;;3.0;5.0;3.0;;1.0;5.0;2.0;1;;;;;
1;Yaquilo;0793-001;UE ;661;2026-04-17 00:00:00;100;60;12;28;19;3.0;;4.0;;;2.0;;;;;;;3.0;3.0;2.0;;;5.0;;;;;;;
1;Yaquilo;0793-001;UE ;661;2026-04-17 00:00:00;100;62;13;25;20;2.0;;3.0;;;1.0;;;;;;;2.0;4.0;3.0;;;5.0;;;;;;;
1;Tajamar;0669-008;USA;639;2026-04-17 00:00:00;100;33;13;54;45;;;3.0;1.0;;;;3.0;;;;;6.0;8.0;2.0;;2.0;6.0;;;;5;;;
1;Tajamar;0669-008;USA;639;2026-04-17 00:00:00;100;36;16;48;36;2.0;;3.0;;;;;7.0;;;;;4.0;3.0;3.0;;;12.0;;;;5;;;
2;Tajamar;0669-008;USA;641;2026-04-17 00:00:00;100;32;12;56;24;2.0;;;;;;;3.0;;;;;10.0;2.0;;5.0;;3.0;;2;;10;;;
2;Tajamar;0669-008;USA;641;2026-04-17 00:00:00;100;29;11;60;25;4.0;;;;;;;2.0;;;;;11.0;3.0;;5.0;;3.0;;;;13;;;
2;Tajamar;0669-008;USA;640;2026-04-17 00:00:00;100;29;9;68;27;3.0;;3.0;;;;;1.0;;;;;14.0;4.0;1.0;4.0;;2.0;;;;16;;;
2;Tajamar;0669-008;USA;640;2026-04-17 00:00:00;100;25;9;66;28;;;;;;;;2.0;;;;;20.0;4.0;3.0;4.0;;3.0;;;;10;;;
2;Tajamar;0669-008;USA;643;2026-04-17 00:00:00;100;27;10;63;34;2.0;;;;;;;5.0;;;;;11.0;3.0;1.0;1.0;;3.0;;;;10;;;
2;Tajamar;0669-008;USA;643;2026-04-17 00:00:00;100;29;8;63;43;1.0;;;;;;;5.0;;;;;10.0;6.0;3.0;;;4.0;;;;4;;;
2;Tajamar;0669-008;USA;638;2026-04-17 00:00:00;100;28;12;60;32;4.0;;2.0;;;1.0;;5.0;;;;;10.0;6.0;1.0;;1.0;1.0;;;;8;;;
2;Tajamar;0669-008;USA;638;2026-04-17 00:00:00;100;26;10;64;28;6.0;;;;;2.0;;4.0;;;;;13.0;3.0;1.0;;1.0;4.0;;1;;10;;;
2;Tajamar;0669-008;USA;642;2026-04-17 00:00:00;100;25;8;67;32;4.0;;3.0;;;;;2.0;;;;;11.0;7.0;;;;4.0;;;;16;;;
2;Tajamar;0669-008;USA;642;2026-04-17 00:00:00;100;26;10;64;29;4.0;;;;;1.0;;3.0;;;;;15.0;3.0;3.0;;;3.0;;;;12;;;
2;Claudia;0290-003;USA;723;2026-04-17 00:00:00;100;43;13;44;9;8.0;3.0;1.0;;;;2.0;2.0;4.0;;;;10.0;5.0;3.0;;1.0;4.0;;;;3;;;
2;Claudia;0290-003;USA;723;2026-04-17 00:00:00;100;34;13;53;20;9.0;;;;;1.0;3.0;2.0;2.0;;;;15.0;5.0;5.0;;;1.0;;;;1;;;
2;Claudia;0290-003;USA;726;2026-04-17 00:00:00;100;38;12;50;9;16.0;6.0;1.0;;;;;2.0;1.0;;;;13.0;3.0;2.0;;;5.0;;;;2;;;
2;Claudia;0290-003;USA;726;2026-04-17 00:00:00;100;33;11;56;14;11.0;7.0;;;;1.0;;3.0;1.0;;;;16.0;7.0;1.0;;;5.0;;;;3;;;
2;Claudia;0290-003;USA;727;2026-04-17 00:00:00;100;32;12;56;14;13.0;5.0;;;;;2.0;1.0;2.0;;;;14.0;6.0;1.0;;;4.0;;;;4;;;
2;Claudia;0290-003;USA;727;2026-04-17 00:00:00;100;30;9;61;25;10.0;;;;;1.0;;2.0;;;;;16.0;4.0;;;;7.0;;;;6;;;
2;Claudia;0290-003;USA;725;2026-04-17 00:00:00;100;34;14;52;10;16.0;3.0;;;;;;2.0;2.0;;;;17.0;2.0;2.0;1.0;;3.0;;1;;1;;;
2;Claudia;0290-003;USA;725;2026-04-17 00:00:00;100;37;13;50;18;12.0;3.0;;;;;;;;;;;13.0;2.0;2.0;2.0;;3.0;;2;;3;;;
2;Claudia;0290-003;USA;733;2026-04-17 00:00:00;100;29;15;56;12;15.0;3.0;7.0;;;2.0;1.0;;1.0;;;;12.0;2.0;;;1.0;4.0;;;;;;;
2;Claudia;0290-003;USA;733;2026-04-17 00:00:00;100;37;14;49;19;8.0;1.0;;;;;2.0;3.0;2.0;;;;14.0;1.0;1.0;;;2.0;;;;;;;
1;Claudia;0290-003;USA;728;2026-04-17 00:00:00;100;54;15;31;12;7.0;2.0;;;;;3.0;;3.0;;;;8.0;3.0;2.0;;;5.0;4.0;;;;;;
1;Claudia;0290-003;USA;728;2026-04-17 00:00:00;100;58;12;30;13;2.0;6.0;5.0;;;;;2.0;2.0;;;;5.0;2.0;1.0;;;3.0;;;;;;;
1;Claudia;0290-003;USA;729;2026-04-17 00:00:00;100;49;12;39;24;7.0;4.0;2.0;;;;1.0;1.0;;;;1.0;7.0;4.0;2.0;;;7.0;;;;;;;
1;Claudia;0290-003;USA;729;2026-04-17 00:00:00;100;52;9;39;22;9.0;4.0;;;;;2.0;1.0;;;;1.0;8.0;1.0;3.0;;;9.0;;;;;;;
1;Antamapu;0136-014;UE ;957;2026-04-17 00:00:00;100;37;12;51;31;3.0;;11.0;2.0;;;;4.0;;;;;6.0;2.0;3.0;;;3.0;;;;;;;
1;Antamapu;0136-014;UE ;957;2026-04-17 00:00:00;100;44;12;44;30;2.0;;6.0;;;1.0;;5.0;;;;;9.0;;1.0;;;4.0;;;;;;;
1;Antamapu;0136-014;UE ;958;2026-04-17 00:00:00;100;52;11;37;17;2.0;;13.0;;;;;5.0;;;;;5.0;3.0;3.0;;;8.0;;;;;;;
1;Antamapu;0136-014;UE ;958;2026-04-17 00:00:00;100;36;15;49;20;3.0;;16.0;;;;;5.0;;;;;7.0;2.0;5.0;;;10.0;1.0;;;;;;
1;Yaquilo;0793-001;UE ;666;2026-04-18 00:00:00;100;62;12;26;20;3.0;;1.0;1.0;;1.0;;;;;;;5.0;3.0;3.0;;;4.0;;;;;;;
1;Yaquilo;0793-001;;666;2026-04-18 00:00:00;100;65;10;25;21;2.0;;2.0;;;;;;;;;;5.0;2.0;1.0;;;3.0;;2;;;;;
1;Tajamar;0669-008;USA;646;2026-04-18 00:00:00;100;36;13;51;40;;;;5.0;;2.0;;1.0;;;;;3.0;4.0;3.0;;1.0;10.0;1.0;8;;;;;
1;Tajamar;0669-008;USA;646;2026-04-18 00:00:00;100;33;13;54;41;1.0;;1.0;4.0;;2.0;;3.0;;;;;2.0;4.0;2.0;;;7.0;1.0;5;;;;;
2;Tajamar;0669-008;USA;645;2026-04-18 00:00:00;100;26;10;64;29;3.0;;2.0;;;;;10.0;;;;;12.0;7.0;1.0;;;3.0;;;;8;;;
2;Tajamar;0669-008;USA;645;2026-04-18 00:00:00;100;22;8;70;20;3.0;;1.0;;;;;3.0;;;;;17.0;6.0;2.0;;;2.0;;;;26;;;
2;Tajamar;0669-008;USA;647;2026-04-18 00:00:00;100;18;8;74;22;3.0;;;;;;1.0;3.0;;;;;14.0;5.0;2.0;;;3.0;;;;32;;;
2;Tajamar;0669-008;USA;647;2026-04-18 00:00:00;100;23;9;68;24;4.0;;;;;;2.0;5.0;;;;;16.0;6.0;3.0;;;3.0;;;;18;;;
2;Tajamar;0669-008;USA;644;2026-04-18 00:00:00;100;27;11;62;28;6.0;;;3.0;;;;3.0;;;;;15.0;4.0;2.0;;;4.0;;;;5;;;
2;Tajamar;0669-008;USA;644;2026-04-18 00:00:00;100;29;12;59;24;7.0;;1.0;2.0;;;;4.0;;;;;11.0;4.0;2.0;;;1.0;;;;10;;;
2;Tajamar;0669-008;USA;648;2026-04-18 00:00:00;100;26;13;61;15;7.0;;;;;1.0;;3.0;;;;;9.0;4.0;3.0;;;4.0;;;;25;;;
2;Tajamar;0669-008;USA;648;2026-04-18 00:00:00;100;29;14;57;24;7.0;;;;;;;5.0;;;;;12.0;5.0;1.0;;;2.0;;;;9;;;
2;Tajamar;0669-008;USA;646;2026-04-18 00:00:00;100;26;10;64;28;3.0;;;;;;;;;;;;6.0;4.0;1.0;;;4.0;;;;27;;;
2;Tajamar;0669-008;USA;646;2026-04-18 00:00:00;100;24;9;67;23;4.0;;3.0;;;2.0;;;;;;;10.0;4.0;3.0;;;4.0;;;;25;;;
2;Claudia;0290-003;USA;734;2026-04-18 00:00:00;100;33;14;53;9;12.0;1.0;3.0;;;;2.0;;1.0;;;;16.0;2.0;1.0;;;3.0;;;;9;;;
2;Claudia;0290-003;USA;734;2026-04-18 00:00:00;100;37;13;50;12;13.0;;;;;;;2.0;2.0;;;;10.0;3.0;1.0;;;6.0;;;;11;;;
2;Claudia;0290-003;USA;731;2026-04-18 00:00:00;100;27;12;61;17;7.0;3.0;5.0;;;1.0;;3.0;;;;;16.0;3.0;3.0;;;4.0;;;;9;;;
2;Claudia;0290-003;USA;731;2026-04-18 00:00:00;100;25;10;65;20;7.0;7.0;;;;2.0;1.0;1.0;2.0;;;;15.0;6.0;5.0;;;4.0;;;;9;;;
2;Claudia;0290-003;USA;730;2026-04-18 00:00:00;100;25;10;65;12;13.0;1.0;6.0;;;;;;;;;;28.0;7.0;2.0;;;2.0;;;;5;;;
2;Claudia;0290-003;USA;730;2026-04-18 00:00:00;100;29;12;59;19;10.0;;2.0;;;1.0;;2.0;;;;;20.0;7.0;2.0;;;7.0;;;;7;;;
2;Claudia;0290-003;USA;736;2026-04-18 00:00:00;100;28;12;60;16;18.0;2.0;;;;2.0;;1.0;;;;;16.0;2.0;;;;2.0;;;;5;;;
2;Claudia;0290-003;USA;736;2026-04-18 00:00:00;100;28;11;61;15;15.0;4.0;;;;1.0;;3.0;2.0;;;;14.0;2.0;1.0;;;3.0;;;;7;;;
2;Claudia;0290-003;USA;732;2026-04-18 00:00:00;100;32;14;54;12;21.0;;2.0;;;;3.0;;;;;;12.0;2.0;1.0;;;3.0;;;;4;;;
2;Claudia;0290-003;USA;732;2026-04-18 00:00:00;100;35;15;50;16;10.0;1.0;3.0;;;1.0;1.0;1.0;2.0;;;;9.0;1.0;1.0;;;5.0;;;;6;;;
1;MDR;0291-014;USA;256;2026-04-18 00:00:00;100;39;11;50;30;3.0;;12.0;1.0;;3.0;1.0;;;;;;17.0;3.0;3.0;;;5.0;;;;2;;;
1;MDR;0291-014;USA;256;2026-04-18 00:00:00;100;32;14;54;41;3.0;;5.0;4.0;;1.0;;;;;;;21.0;3.0;1.0;;;4.0;;;;2;;;
1;Claudia;0290-003;USA;735;2026-04-18 00:00:00;100;32;12;56;33;7.0;3.0;8.0;;;1.0;2.0;;;;;2.0;15.0;4.0;7.0;;;4.0;2.0;;;;;;
1;Claudia;0290-003;USA;735;2026-04-18 00:00:00;100;45;15;40;12;10.0;3.0;9.0;;;2.0;;1.0;2.0;;;1.0;15.0;1.0;4.0;;;7.0;1.0;;;;;;
1;Claudia;0290-003;USA;732;2026-04-18 00:00:00;100;44;19;37;18;7.0;7.0;;;;;;4.0;1.0;;;;9.0;4.0;2.0;;;5.0;2.0;;;;;;
1;Claudia;0290-003;USA;732;2026-04-18 00:00:00;100;43;17;40;21;2.0;5.0;4.0;1.0;;1.0;;;;;;;11.0;3.0;1.0;;;3.0;;;;;;;
1;Yaquilo;0793-001;UE ;668;2026-04-18 00:00:00;100;54;13;33;26;1.0;;6.0;1.0;;1.0;1.0;;;;;2.0;8.0;3.0;3.0;;;6.0;;;;;;;
1;Yaquilo;0793-001;UE ;668;2026-04-18 00:00:00;100;57;14;29;20;2.0;;4.0;;;;6.0;;;;;;8.0;1.0;2.0;;;6.0;;;;;;;
1;Yaquilo;0793-001;UE ;667;2026-04-18 00:00:00;100;53;12;35;21;;;6.0;;;;6.0;;;;;;14.0;2.0;5.0;;1.0;4.0;;;;1;;;
1;Yaquilo;0793-001;UE ;667;2026-04-18 00:00:00;100;55;14;31;23;;;2.0;;;;9.0;;;;;;13.0;4.0;2.0;;;5.0;;;;2;;;
1;Yaquilo;0793-001;UE ;669;2026-04-18 00:00:00;100;53;11;36;24;;;3.0;;;;1.0;;;;;;12.0;1.0;6.0;;;4.0;;;;;;;
1;Yaquilo;0793-001;UE ;669;2026-04-18 00:00:00;100;50;16;34;23;1.0;;9.0;;;;;;;;;;9.0;2.0;5.0;;;3.0;;;;;;;
1;Tajamar;0669-008;USA;649;2026-04-20 00:00:00;100;34;16;50;33;2.0;;2.0;2.0;;5.0;;6.0;;;;;5.0;2.0;5.0;;1.0;3.0;;;;12;;;
1;Tajamar;0669-008;USA;649;2026-04-20 00:00:00;100;28;10;62;45;3.0;;;3.0;;2.0;;8.0;2.0;;;;7.0;1.0;4.0;;;6.0;;;;6;;;
1;Yaquilo;0793-002;USA;670;2026-04-24 00:00:00;100;55;17;28;21;1.0;;3.0;;;;;2.0;;;1.0;;5.0;3.0;3.0;;;3.0;;;;1;;;
1;Yaquilo;0793-002;USA;670;2026-04-24 00:00:00;100;54;17;29;20;2.0;;5.0;;;;1.0;;;;;;2.0;1.0;6.0;3.0;;6.0;;;;;;;
1;Yaquilo;0793-002;USA;671;2026-04-24 00:00:00;100;49;17;32;24;2.0;;4.0;;;1.0;1.0;;;;;;3.0;1.0;3.0;;1.0;3.0;;;;;;;
1;Yaquilo;0793-002;USA;671;2026-04-24 00:00:00;100;50;20;30;19;;2.0;6.0;1.0;;;2.0;;;;;;;4.0;2.0;;;4.0;;;;;;;
1;Yaquilo;0793-002;USA;672;2026-04-24 00:00:00;100;57;16;27;18;2.0;;4.0;;;;;3.0;;;;;2.0;2.0;2.0;;;3.0;;;;;;;
1;Yaquilo;0793-002;USA;672;2026-04-24 00:00:00;100;57;15;28;18;1.0;;3.0;;;2.0;;2.0;;;;;1.0;3.0;4.0;;;5.0;;;;;;;
1;Yaquilo;0793-002;USA;673;2026-04-24 00:00:00;100;54;19;27;20;4.0;1.0;2.0;;;;;;;;;;1.0;4.0;3.0;1.0;;4.0;;;;;;;
1;Yaquilo;0793-002;USA;673;2026-04-24 00:00:00;100;55;15;30;13;1.0;;10.0;;;4.0;;1.0;;;1.0;;1.0;1.0;2.0;2.0;;4.0;;;;;;;
