FECHA;FINCA;MERCADO;REMITO;PRE;216;198;180;162;150;138;125;113;100;88;80;72;64;SOBRE;TOTAL
6/5/2026;El Molino;USA;3176;0.19;0.06;1.8;1.8;3351.31;1808.39;2205.34;5180.91;5369.87;5056.1;7284.75;3182.72;1798.58;678.9;581.2;36501.92
6/5/2026;El molino;USA;3177;0.49;6.11;29.5;2517.13;809.6;1120.29;1881.97;2585.13;3329.73;2091.76;773.02;749.1;280.54;36.56;124.27;16335.20
6/5/2026;Antamapu;USA;3178;0.0;10.99;44.34;3272.35;972.48;1342.19;2168.44;2862.85;3419.62;2120.09;793.38;754.06;248.41;34.53;140.16;18183.89
6/5/2026;Antamapu;USA;3179;0.17;11.27;62.76;4703.38;1452.41;0.0;3401.03;4714.45;6447.59;4370.7;1708.27;1712.8;634.19;85.86;262.22;31617.33
6/5/2026;Antamapu;USA;3180;0.14;13.47;67.99;5592.48;1674.8;2331.9;3763.28;5087.57;6459.65;4151.54;1609.41;1569.23;557.05;65.12;222.11;33165.74
6/5/2026;Avellaneda;USA;3181;0.47;1.95;15.05;3145.42;1282.42;1577.96;4103.71;5005.83;5225.38;7938.81;2991.53;1326.58;423.1;346.69;378.54;33763.44
6/5/2026;Avellaneda;USA;3182;0.51;2.1;18.56;3582.76;1400.66;1714.04;4407.75;5353.42;5592.08;8714.04;3344.49;1494.21;504.47;384.58;424.97;36938.64
6/5/2026;Yaquilo;UE;3183;0.05;0.16;2.47;1744.15;927.32;1244.3;3372.88;4500.15;5035.4;9259.52;4546.86;2423.24;789.32;576.88;473.01;34895.71
6/5/2026;Yaquilo;UE;3184;0.69;3.11;24.4;4513.22;1636.23;1879.8;4488.47;5020.94;4915.02;7609.44;3145.46;1513.86;457.54;308.06;224.14;35740.38
6/5/2026;Yaquilo;UE;3185;0.29;1.04;3.6;1691.78;905.02;1206.49;3422.7;4735.77;5476.16;10380.26;5139.07;2629.78;860.05;622.91;498.41;37573.33
6/5/2026;Yaquilo;UE;3186;2.62;0.06;1.3;754.68;369.78;487.25;1218.57;1513.63;1520.36;2390.63;1009.42;502.48;153.43;139.59;126.07;10189.87
6/5/2026;Yaquilo;UE;3187;0.25;0.43;2.74;1917.23;990.63;1336.45;3724.45;4840.86;5465.12;9504.76;4379.0;2189.68;683.42;509.25;459.2;36003.47
6/5/2026;Yaquilo;UE;3188;0.25;0.92;3.97;1636.24;839.33;1084.62;2991.17;3858.39;4321.53;7799.12;7004.75;2247.71;812.29;639.78;615.74;33855.81
6/5/2026;Antamapu;UE;3189;0.05;12.74;57.67;4557.9;1417.91;1947.7;3194.62;4217.32;5136.4;3154.78;1203.83;1155.22;402.87;42.95;199.11;26701.07
6/5/2026;Antamapu;UE;3190;0.35;14.45;69.77;5886.87;1821.91;2597.15;4245.04;5723.8;7122.54;4332.63;1601.4;1492.78;525.6;69.61;234.96;35738.86
7/5/2026;Antamapu;UE;3191;0.46;20.73;97.72;7137.86;2038.56;2714.6;4303.34;5465.88;6497.23;3815.71;1366.12;1300.4;439.71;52.43;205.4;35456.15
7/5/2026;Claudia;USA;3192;2.98;7.62;44.71;3188.65;1066.42;1293.29;3164.29;36113.57;3498.42;5216.58;2039.39;901.68;324.23;203.49;144.33;57209.65
7/5/2026;Claudia;USA;3193;4.55;9.74;67.46;5142.65;1697.67;2062.4;4773.97;5212.31;4808.6;6386.72;2248.08;982.05;308.2;215.9;130.85;34051.15
7/5/2026;Claudia;USA;3194;0.16;0.23;1.4;120.11;41.48;45.59;121.17;135.61;117.66;155.96;58.0;22.5;7.24;3.95;2.8;833.86
7/5/2026;Claudia;USA;3195;3.38;7.66;55.5;4583.25;1581.41;1863.25;4590.66;5157.84;4891.91;6947.89;2567.17;1138.16;337.97;254.2;161.38;34141.63
7/5/2026;Claudia;USA;3196;4.34;8.32;55.47;3713.52;1182.33;1438.67;3444.16;4076.96;3924.91;5976.97;2410.83;1168.94;386.41;280.11;192.28;28264.22
7/5/2026;Yaquilo;UE;3197;0.14;0.87;4.33;1661.08;833.58;1081.86;2977.14;3950.65;4384.48;7845.29;3747.82;1998.42;705.07;533.12;481.07;30204.92
7/5/2026;Yaquilo;UE;3198;1.24;4.79;36.68;5662.96;1968.34;2257.66;5191.48;5660.89;5584.42;9137.54;3989.32;2050.83;688.11;532.37;423.99;43190.62
7/5/2026;Yaquilo;UE;3199;0.27;2.05;14.5;2907.87;1193.42;1483.56;3906.84;4956.95;5435.38;9768.7;4813.76;2640.07;856.89;609.86;409.78;38999.90
7/5/2026;Yaquilo;UE;3200;0.0;0.07;0.6;165.7;110.52;161.04;601.04;1141.8;1944.47;7527.34;8505.48;8154.85;3762.62;2958.71;1530.04;36564.28
7/5/2026;Avellaneda;USA;3201;11.73;21.98;118.52;9269.01;2753.75;2983.9;6041.96;5117.6;3816.27;3885.95;1122.8;450.28;133.94;85.52;43.69;35856.90
7/5/2026;Avellaneda;USA;3202;0.61;1.11;12.26;2072.66;835.19;1030.5;2538.08;3191.2;3346.73;5649.22;2375.5;1104.38;351.36;280.8;262.74;23052.34
7/5/2026;Avellaneda;USA;3203;0.25;0.27;8.41;1923.61;767.73;987.64;2492.44;2985.63;3100.46;4917.45;1948.16;803.82;252.15;182.8;189.68;20560.50
7/5/2026;Avellaneda;USA;3204;3.86;13.13;95.76;13405.97;4366.72;4828.67;10683.68;10821.9;9567.06;12887.25;4608.22;2015.77;643.72;447.03;351.43;74740.17
7/5/2026;Avellaneda;USA;3205;0.21;0.3;2.01;796.56;308.6;365.29;918.56;1054.93;1029.35;1577.16;587.05;235.07;79.31;65.53;60.45;7080.38
7/5/2026;Avellaneda;USA;3206;0.0;0.26;2.27;397.68;147.47;169.17;422.32;502.81;516.99;777.19;308.12;130.96;43.29;28.58;29.4;3476.51
7/5/2026;Antamapu;UE;3207;0.09;2.29;10.15;594.69;154.16;184.66;279.81;318.11;324.44;181.8;58.73;62.25;21.73;2.23;10.32;2205.46
7/5/2026;Antamapu;UE;3208;0.48;15.71;87.94;6606.99;1866.22;2535.25;3851.99;4552.43;4756.39;2672.76;989.34;953.21;327.76;41.01;146.5;29403.98
8/5/2026;Antamapu;UE;3209;0.52;29.37;143.0;9401.69;2490.45;3330.35;4834.53;5480.34;5383.37;2776.69;938.15;818.6;278.01;35.68;96.43;36037.18
8/5/2026;yaquilo;UE;3210;0.33;0.41;2.87;962.98;460.79;607.54;1705.14;2368.44;2996.3;6756.21;4561.99;3164.23;1324.33;1043.12;825.59;26780.27
8/5/2026;El molino;USA;3211;0.82;0.32;5.99;3124.94;1396.94;1639.03;3908.35;4228.49;4024.19;6264.34;2844.61;1642.06;662.32;576.8;518.65;30837.85
8/5/2026;El molino;USA;3212;0.05;0.28;3.25;2488.79;1113.2;1352.29;3250.62;3622.08;3573.46;5297.74;2319.25;1274.0;497.0;428.77;381.28;25602.06
8/5/2026;El molino;USA;3213;0.16;0.12;1.57;858.75;399.3;488.65;1190.95;1349.8;1299.08;2053.58;959.46;586.78;207.61;197.73;204.24;9797.78
8/5/2026;Claudia;USA;3214;3.72;9.73;65.45;4998.33;1637.66;2005.25;4821.5;5386.61;4964.63;6981.96;2603.37;1196.1;368.34;265.62;184.73;35493.00
8/5/2026;Claudia;USA;3215;5.99;14.17;71.82;4038.58;1234.73;1429.82;3401.25;3747.65;3567.14;5172.18;2320.64;1298.18;488.58;393.32;314.78;27498.83
8/5/2026;Claudia;USA;3216;6.05;13.82;83.35;4434.17;1298.52;1497.46;3673.8;4036.37;3786.54;5713.28;2584.82;1460.54;574.88;487.83;420.78;30072.21
8/5/2026;Claudia;USA;3217;8.6;19.04;99.7;5936.73;1810.6;2107.02;5052.85;5611.32;5441.66;8108.47;3687.28;2124.23;792.91;660.61;541.11;42002.13
8/5/2026;Claudia;USA;3218;2.92;6.27;41.56;2748.02;859.45;1003.3;2395.34;2695.55;2452.62;3479.14;1555.76;851.32;289.97;255.72;209.52;18846.46
8/5/2026;Antamapu;UE;3219;0.86;39.76;159.32;8854.86;2417.15;3211.91;4810.13;5559.62;5798.64;3172.95;1207.38;1113.85;379.81;52.95;159.2;36938.39
8/5/2026;Antamapu;UE;3220;1.48;31.41;143.08;8454.9;2244.44;2904.77;4349.02;4889.04;4956.56;2679.87;986.96;932.12;343.49;43.55;147.69;33108.38
8/5/2026;Yaquilo;UE;3221;0.16;0.46;5.74;1582.59;737.83;974.25;2678.22;3491.81;4079.09;8290.72;5453.38;4246.21;1617.95;1516.58;1140.27;35815.26
9/5/2026;Yaquilo;UE;3222;0.69;0.76;5.72;1918.96;952.08;1268.57;3527.08;4751.46;5603.54;11974.26;7299.8;5583.52;769.3;1384.67;1275.94;46316.35
9/5/2026;Yaquilo;UE;3223;0.15;0.23;3.99;1162.02;548.24;726.1;2109.49;2916.97;3691.05;8332.65;5549.01;4644.58;682.15;1286.54;1226.19;32879.36
9/5/2026;El Molino;USA;3224;0.58;1.67;16.19;8487.16;3793.82;4508.97;10228.42;10302.44;9006.92;12266.48;4911.58;2679.42;1020.04;810.71;771.77;68806.17
9/5/2026;El Molino;USA;3225;0.22;0.6;3.49;3102.92;1517.39;1824.65;4439.67;4892.12;4620.57;71140.7;3172.94;1837.35;724.89;617.21;553.4;98448.12
9/5/2026;Avellaneda;USA;3226;5.65;14.19;98.68;8722.13;2445.46;2612.38;5260.83;4540.7;3225.34;3249.8;786.92;293.99;77.58;46.2;36.04;31415.89
9/5/2026;Avellaneda;USA;3227;7.72;15.17;100.95;10078.41;3000.33;3264.65;6781.21;5906.59;4393.57;4412.72;1145.31;427.54;105.59;59.75;30.55;39699.51
9/5/2026;Claudia;USA;3228;8.27;17.3;98.88;5289.32;1544.0;1768.93;4125.93;4534.36;4157.59;6178.25;2680.95;1450.75;512.98;382.96;312.92;32750.47
9/5/2026;Claudia;USA;3229;4.19;11.77;61.55;3616.2;1070.25;1216.26;2798.12;2857.85;2549.67;3398.77;1278.15;613.39;204.21;149.99;91.28;19830.37
9/5/2026;yaquilo;UE;3230;1.54;3.9;32.99;4682.18;1631.75;1933.77;4515.16;5094.16;4916.83;7258.58;2953.49;1625.31;189.0;232.0;216.64;35070.66
9/5/2026;Yaquilo;UE;3231;0.66;0.62;9.41;2109.48;970.19;1235.72;3276.08;4337.82;5107.13;10695.16;6583.43;5235.24;774.55;1401.59;1288.73;41737.08
9/5/2026;Antamapu;UE;3233;0.76;38.47;153.44;7532.12;9960.47;2864.36;4249.53;4926.89;4998.78;2849.41;1109.48;1144.82;384.46;58.9;172.55;40271.89
9/5/2026;Yaquilo;UE;3234;0.07;0.37;4.01;1245.02;600.07;769.02;2150.02;2936.58;3479.31;7467.15;4926.23;4371.62;698.02;1327.39;1297.65;29974.88
9/5/2026;Yaquilo;UE;3235;0.09;0.46;3.66;1851.67;929.18;1277.22;3566.52;4769.97;5436.15;10904.79;6822.16;6189.87;994.01;2015.95;1713.12;44761.70
10/5/2026;Yaquilo;UE;3236;0.11;0.31;1.95;1011.16;484.74;666.34;1822.34;2545.75;2938.73;6043.86;3724.72;3099.74;457.24;872.2;774.96;23669.19
10/5/2026;Yaquilo;UE;3237;1.21;4.99;40.43;6541.66;2161.24;2490.57;5692.79;6157.39;6115.22;0.0;5147.4;3645.41;525.32;972.42;815.98;39496.05
10/5/2026;MDR;USA;3238;0.0;0.07;1.7;158.05;29.68;35.39;55.81;37.28;22.32;21.66;6.1;3.0;1.75;0.71;0.29;373.52
10/5/2026;MDR;USA;3239;18.95;51.9;338.94;16459.06;2685.04;2410.16;3704.84;2365.54;1456.82;1281.71;343.53;163.75;63.84;61.65;59.7;31405.73
10/5/2026;El Molino;USA;3240;0.84;2.65;20.7;5620.34;2179.34;2462.48;5244.49;5113.45;4177.04;5140.67;1943.22;959.43;380.77;301.11;270.44;33546.53
10/5/2026;El Molino;USA;3141;0.46;3.15;16.07;5163.46;1880.16;2113.07;431.71;4162.46;3344.79;4050.79;1433.14;724.47;261.16;202.74;188.89;23787.63
10/5/2026;El Molino;USA;3144;14.0;2.08;14.64;4609.25;1509.62;1660.85;3482.4;3264.25;3713.64;0.0;1268.12;639.82;219.19;174.78;136.03;20572.64
11/5/2026;Claudia;USA;3145;2.59;6.05;39.98;4300.59;1534.56;1852.49;4536.21;5378.4;5365.42;8612.06;4329.44;2704.55;1131.59;1013.53;914.31;40807.46
11/5/2026;Claudia;USA;3146;1.34;3.43;30.37;2849.48;919.81;1103.99;2544.02;2706.38;2498.82;3527.14;1548.74;872.86;340.49;273.5;202.44;19220.37
11/5/2026;Claudia;USA;3247;1.02;3.62;23.43;3788.17;1288.25;1495.4;3516.59;3811.91;3490.25;0.0;2323.08;1334.08;506.83;439.38;357.31;22022.01
11/5/2026;Claudia;USA;3248;1.49;4.09;37.12;4934.0;1699.33;1997.03;4761.49;5243.58;4726.51;6867.38;3037.53;1793.46;680.29;570.54;468.48;36353.84
11/5/2026;Claudia;USA;3249;3.5;7.08;44.48;3098.28;943.99;1141.78;2687.99;2902.32;2699.94;3852.44;1641.53;880.11;317.66;256.29;180.11;20477.39
11/5/2026;Avellaneda;USA;3250;6.41;16.15;97.01;7599.45;2151.86;2302.7;4683.76;4109.29;3084.5;3268.74;922.08;370.12;96.42;49.34;28.0;28757.83
11/5/2026;Avellaneda;USA;3252;6.63;16.48;118.33;9308.53;2707.13;2961.48;6069.19;5470.41;4242.48;4312.37;1161.02;404.08;95.17;48.69;28.39;36921.99
11/5/2026;Avellaneda;USA;3253;6.89;20.65;133.88;10073.82;2714.48;2980.4;5995.61;5284.65;3892.69;0.0;951.0;335.74;87.72;47.98;27.78;32525.51
11/5/2026;Avellaneda;USA;3254;4.12;11.62;93.04;8765.1;2546.31;2745.17;5702.56;5114.14;3785.31;3955.55;1057.84;368.58;84.81;57.71;26.44;34291.86
11/5/2026;Avellaneda;USA;3255;4.27;12.58;92.58;8699.28;2424.99;2647.1;5334.85;4728.43;3516.6;3706.92;935.82;317.32;79.22;50.91;20.35;32550.87
11/5/2026;Avellaneda;USA;3256;7.61;18.63;122.23;0.0;2879.71;3134.74;6453.7;5790.77;4466.21;4932.63;1442.4;559.06;157.56;94.32;51.35;30059.57
11/5/2026;Claudia;USA;3257;6.28;16.17;100.29;6819.55;1882.66;2054.18;4272.91;3818.98;2834.55;3122.59;951.31;407.26;110.15;67.31;36.0;26464.19
12/5/2026;Claudia;USA;3258;12.97;30.6;180.56;9676.07;2573.8;2863.42;5794.1;5154.46;3846.01;4251.74;1291.46;525.83;153.68;93.52;55.39;36448.22
12/5/2026;Claudia;USA;3259;6.47;14.14;68.8;5471.16;1711.48;1913.12;4253.29;4032.29;3228.06;3730.3;1268.5;641.75;204.39;153.34;96.23;26697.09
17/3/2026;Claudia;NO UE;2867;0.13;5.66;88.1;800.11;5193.98;3039.16;4428.48;1159.73;878.38;374.61;170.35;57.43;21.11;2.39;6.93;16226.55
17/3/2026;Claudia;NO UE;2868;0.19;10.06;133.3;482.62;8153.75;4933.6;8259.85;2355.03;1878.31;808.76;356.22;127.41;40.07;7.64;18.31;27.565.120.000.000.000
17/3/2026;Claudia;NO UE;2869;0.0;5.35;76.1;275.29;4715.05;2789.22;4409.67;1155.91;869.15;348.66;158.1;53.36;17.51;3.12;8.71;14885.2
17/3/2026;Claudia;NO UE;2870;0.47;14.36;141.88;475.47;8047.68;6210.33;14895.96;5802.2;5166.6;2271.06;1029.73;365.22;133.77;24.65;86.34;44.665.719.999.999.900
17/3/2026;Antamapu;NO UE;2871;0.0;7.08;79.33;241.04;3986.04;3391.94;9250.29;3754.29;3217.91;1381.12;596.11;215.86;91.11;17.48;50.58;26.280.180.000.000.000
17/3/2026;Antamapu;NO UE;2872;0.19;0.4;0.77;2.36;259.99;1013.77;7445.64;4557.89;5107.55;2794.09;1552.52;726.38;317.67;76.44;0.0;23855.66
17/3/2026;Antamapu;NO UE;2873;0.0;0.06;0.07;0.45;347.14;1187.45;7545.6;4424.43;4791.23;2555.53;1314.54;589.94;228.33;52.92;0.0;23037.69
18/3/2026;Claudia;NO UE;2874;0.0;0.07;0.14;1.12;314.79;1024.19;5741.11;3500.13;4407.67;2884.74;1599.94;549.76;155.82;29.41;83.59;20.292.479.999.999.900
18/3/2026;Claudia;NO UE;2875;0.24;0.06;0.42;1.56;836.94;2440.27;10850.23;5583.26;5814.04;3141.21;1644.86;641.3;224.67;42.92;140.28;31.362.259.999.999.900
18/3/2026;Claudia;NO UE;2876;0.0;0.1;0.2;2.14;588.34;1421.95;6373.71;3309.12;3284.58;1497.65;678.29;258.71;102.74;22.32;76.53;17616.38
18/3/2026;Claudia;NO UE;2877;0.0;0.14;0.61;3.88;1066.96;2594.98;10992.78;5692.91;5464.64;2491.34;1122.48;408.97;156.55;33.44;115.66;30145.34
18/3/2026;Claudia;NO UE;2878;0.0;0.06;0.4;1.3;501.08;1328.91;5583.27;2553.65;2379.65;1033.96;461.53;180.81;65.49;13.47;38.87;14.142.449.999.999.900
18/3/2026;Claudia;NO UE;2879;0.12;0.26;4.97;23.04;2750.75;5600.01;19938.66;8468.08;7490.37;3216.86;1419.08;490.53;171.69;34.79;96.51;4.970.572.000.000.000
18/3/2026;El molino;NO UE;2880;0.05;0.04;1.5;6.85;648.65;1369.19;6748.74;3781.71;4169.93;2307.87;1346.02;638.11;304.43;69.76;359.39;21.752.239.999.999.900
18/3/2026;Antamapu;NO UE;2883;0.92;0.0;0.07;0.17;197.95;910.94;7462.21;4895.44;5540.14;2932.14;1583.55;718.69;336.78;69.91;250.95;24.899.859.999.999.900
18/3/2026;Antamapu;NO UE;2884;3.65;0.0;0.0;0.52;149.45;639.26;4940.96;388.82;3289.57;1703.72;890.37;407.87;177.94;33.42;126.78;12.752.330.000.000.000
18/3/2026;Antamapu;NO UE;2881;0.0;0.2;2.82;14.49;1096.19;1793.5;6857.21;3467.15;3567.5;1869.98;1025.63;467.81;206.67;50.9;238.42;20.658.469.999.999.900
18/3/2026;El molino;NO UE;2882;0.0;0.09;1.3;12.56;1079.23;1905.77;7221.48;3553.26;3637.1;1909.13;1060.89;535.66;253.92;56.42;294.91;21.521.719.999.999.900
19/3/2026;Antamapu;NO UE;2283;0.92;0.0;0.07;0.17;197.95;910.94;7462.21;4895.44;5540.14;2932.14;1583.55;718.69;336.78;69.91;250.95;24.899.859.999.999.900
19/3/2026;Antamapu;NO UE;2284;3.65;0.0;0.52;149.45;639.26;4940.96;3088.82;3289.57;1703.72;89.37;407.87;407.87;177.94;33.42;126.78;15.059.200.000.000.000
20/3/2026;Claudia;NO UE;2285;0.0;0.22;1.5;8.1;1441.12;2852.0;9509.6;3842.46;3250.46;1374.96;554.77;203.48;62.26;11.02;29.91;23.141.859.999.999.900
20/3/2026;Claudia;NO UE;2286;0.0;0.05;0.61;1.85;588.36;1380.05;5309.93;2443.12;2335.65;1039.54;454.17;145.85;46.01;6.86;27.22;13779.27
20/3/2026;Claudia;NO UE;2287;0.13;0.39;0.45;2.46;915.62;2313.46;9236.8;445.35;4395.25;2077.14;891.55;303.64;94.3;18.21;49.69;20.744.439.999.999.900
20/3/2026;Claudia;NO UE;2888;0.0;0.11;2.4;11.42;1437.6;2608.36;8458.96;3592.54;3330.67;1530.51;655.78;235.33;80.16;12.46;37.09;21.993.389.999.999.900
20/3/2026;Claudia;NO UE;2889;0.7;0.44;1.04;6.71;1454.0;3198.46;11669.18;5162.88;4758.01;2130.7;936.66;322.66;105.74;22.61;58.83;29.828.620.000.000.000
20/3/2026;Claudia;NO UE;2890;0.05;0.05;0.33;3.77;962.98;1855.99;5942.71;2450.42;95.61;422.61;422.55;139.6;51.68;6.57;24.17;12.354.920.000.000.000
20/3/2026;Claudia;NO UE;2891;0.0;0.0;1.31;6.04;832.31;1585.99;5121.98;2119.44;1894.4;850.17;351.27;133.78;45.33;9.16;24.17;12951.18
20/3/2026;Claudia;NO UE;2892;3.51;0.4;1.2;10.02;11993.69;2062.36;6447.98;2539.12;2133.22;857.98;355.19;112.77;34.97;6.0;17.36;26558.41
20/3/2026;Claudia;NO UE;2893;0.0;0.04;0.1;0.57;183.08;366.61;1260.78;556.97;519.26;239.25;98.92;38.67;12.6;2.4;5.69;3279.25
22/3/2026;Antamapu;NO UE;2894;0.0;0.06;0.0;0.17;167.47;757.11;6508.0;4592.75;5488.33;3146.42;1713.77;796.73;358.04;75.17;297.54;23.901.559.999.999.900
22/3/2026;Antamapu;NO UE;2895;0.0;0.0;0.0;0.13;155.32;751.61;6345.09;4400.81;5340.24;3048.03;1720.69;803.28;325.7;69.22;258.56;23.218.679.999.999.900
22/3/2026;Antamapu;NO UE;2896;0.0;0.0;0.16;0.38;209.75;924.16;7414.7;5165.59;6318.82;3489.46;1905.59;886.6;402.81;92.73;332.37;27.143.119.999.999.900
22/3/2026;El molino;NO UE;2897;0.0;0.47;3.9;21.04;1867.96;2914.16;8037.28;3271.81;3222.75;1621.28;868.9;403.6;191.38;47.94;219.45;22691.92
22/3/2026;El molino;NO UE;2898;1.77;0.33;1.79;16.7;1930.61;3286.76;9515.89;499.38;4017.33;2085.48;1777.49;609.36;307.49;74.73;403.32;24528.43
24/3/2026;Claudia;NO UE;2910;0.0;0.0;1.6;9.24;1386.5;2619.59;9334.62;3845.85;3252.06;1345.49;628.28;237.46;94.95;14.5;60.69;22830.83
24/3/2026;Claudia;NO UE;2911;0.0;0.0;2.11;13.85;1699.66;3084.51;8655.38;4343.78;3145.68;1362.68;644.99;237.76;92.37;16.72;48.45;23347.94
24/3/2026;Claudia;NO UE;2912;0.0;0.26;0.78;3.49;422.47;1131.23;3367.18;5398.98;4522.05;2893.52;1907.6;1124.96;216.86;66.07;206.89;21.262.339.999.999.900
24/3/2026;Claudia;NO UE;2913;0.0;0.1;1.43;9.87;1191.62;2648.76;6138.22;6835.4;3919.51;1924.54;1017.49;355.69;218.72;28.72;97.55;24.387.620.000.000.000
24/3/2026;Claudia;NO UE;2914;0.0;0.09;1.61;8.32;1393.86;3279.86;6845.68;6778.57;3207.66;1221.72;497.3;151.35;93.51;10.78;45.71;23.536.019.999.999.900
25/3/2026;Claudia;NO UE;2925;;0.16;0.28;1.16;178.3;902.12;2881.43;3388.43;1865.83;787.59;358.25;105.21;82.16;8.53;30.53;10589.98
25/3/2026;Claudia;NO UE;2926;;0.28;0.54;1.99;375.84;1725.63;5658.65;7902.26;5068.02;2390.83;1084.51;303.8;178.1;17.93;62.87;24.771.249.999.999.900
25/3/2026;Claudia;NO UE;2916;0.0;0.0;0.29;2.13;314.26;758.33;1716.08;2059.8;1404.65;759.05;411.41;140.28;108.09;14.04;35.91;7.724.320.000.000.000
25/3/2026;Claudia;NO UE;2917;0.54;1.09;8.42;21.95;951.98;2535.25;6124.79;6871.34;3971.6;1880.05;893.08;274.73;175.72;22.29;66.97;23.799.800.000.000.000
25/3/2026;Claudia;NO UE;2918;0.0;0.05;0.11;0.71;479.06;2151.98;6251.49;8440.0;5466.26;2888.88;1557.84;519.84;365.68;49.46;129.2;28.300.560.000.000.000
25/3/2026;Antamapu;NO UE;2919;0.0;0.18;0.0;0.27;107.28;645.36;339.5;6269.61;5586.03;3439.71;1865.13;651.8;551.95;83.72;371.4;19.911.940.000.000.000
25/3/2026;Antamapu;NO UE;2920;0.0;0.0;0.0;0.25;98.79;634.1;3170.1;6465.32;5670.7;3375.31;1845.86;615.36;516.23;77.94;336.04;22806
25/3/2026;Antamapu;NO UE;2921;0.0;0.11;0.2;0.35;184.45;1050.01;4483.0;8325.22;7044.73;4252.3;2290.53;775.96;647.54;105.01;462.99;29.622.399.999.999.900
25/3/2026;Antamapu;NO UE;2922;0.0;0.0;0.2;0.28;269.94;1595.31;6993.74;13137.04;11251.27;6730.73;3709.32;1272.65;1121.21;163.1;715.87;46.960.659.999.999.900
25/3/2026;Claudia;NO UE;2923;0.0;0.21;0.55;2.01;437.59;1961.63;6400.89;7650.37;4206.68;1871.09;890.83;268.18;193.65;22.57;87.31;23.993.560.000.000.000
25/3/2026;Claudia;NO UE;2924;0.0;0.06;0.38;0.83;156.73;566.82;1522.1;1816.86;1003.97;460.03;209.99;70.9;44.11;6.77;14.28;5.873.829.999.999.990
25/3/2026;Claudia;NO UE;2927;0.0;0.05;0.22;1.76;359.76;1278.25;4230.07;6652.65;4884.15;2521.42;1150.47;319.59;213.17;30.18;104.3;21.746.039.999.999.900
26/3/2026;Claudia;NO UE;2928;0.0;0.18;0.27;0.98;3018.03;1131.97;3153.02;0.0;3235.91;1786.2;914.75;250.17;179.42;24.56;83.06;13778.52
26/3/2026;Antamapu;NO UE;2929;0.0;0.0;0.0;0.8;124.43;737.46;3236.94;6384.41;5653.21;3473.86;1843.71;646.24;529.57;83.56;387.55;23101.74
26/3/2026;Antamapu;NO UE;2930;0.0;0.0;0.07;0.0;131.34;779.1;3683.45;7375.84;6425.99;0.0;1968.96;663.99;560.19;86.17;389.21;25.861.759
26/3/2026;Antamapu;NO UE;2932;0.0;0.0;0.0;0.09;69.26;345.98;1325.85;2247.07;1765.02;949.4;496.8;159.98;123.46;18.29;99.45;7600.65
26/3/2026;Antamapu;NO UE;2933;0.0;0.0;0.08;0.09;132.95;814.25;3385.79;5791.86;4420.31;2398.22;1181.45;386.25;325.53;49.25;255.4;19.141.430.000.000.000
26/3/2026;Yaquilo;NO UE;2934;0.0;0.13;0.0;0.56;87.03;504.95;2439.16;6193.98;7167.77;4425.03;1739.11;375.91;190.3;21.47;64.7;23.210.100.000.000.000
26/3/2026;Yaquilo;NO UE;2935;0.0;0.0;0.35;0.68;126.37;602.65;2578.88;6380.42;7562.47;5031.01;2217.53;505.32;286.5;3294.0;97.8;28683.98
26/3/2026;Yaquilo;NO UE;2936;0.0;0.0;0.19;0.78;149.84;712.55;3171.42;7912.29;9339.51;6178.7;2726.18;635.32;338.97;41.15;119.12;31.326.020.000.000.000
27/3/2026;Antamapu;NO UE;2937;0.0;0.06;0.18;0.23;120.09;763.81;3310.06;6371.31;5545.68;3529.77;1921.08;588.02;456.07;63.5;364.96;23.034.820.000.000.000
27/3/2026;Antamapu;NO UE;2938;0.0;0.11;0.0;0.07;71.1;558.63;3015.28;6040.27;5313.17;3317.79;1847.54;589.1;452.07;66.67;344.01;21.615.809.999.999.900
27/3/2026;Antamapu;NO UE;2939;0.0;0.0;0.06;0.17;149.27;800.06;3657.57;7388.79;6571.52;3990.56;2125.68;656.41;502.67;69.22;429.91;26.341.890.000.000.000
27/3/2026;Antamapu;NO UE;2940;0.0;0.0;0.04;0.0;129.6;785.58;3356.17;6449.68;5502.64;3244.8;1681.11;494.93;389.82;58.36;357.5;22450.23
27/3/2026;Antamapu;NO UE;2941;0.04;0.0;0.0;0.35;178.94;984.15;4251.37;7959.72;6876.62;4248.18;2314.51;738.31;531.46;94.34;462.26;28.640.249.999.999.900
29/3/2026;Antamapu;NO UE;2942;0.0;0.0;0.05;0.44;174.84;845.58;3284.1;6123.44;5377.37;3495.55;1958.14;633.03;478.99;71.87;449.46;22.892.859.999.999.900
29/3/2026;Antamapu;NO UE;2943;0.0;0.11;0.18;0.26;235.16;1080.23;3732.55;6207.09;5153.14;3165.47;1743.56;575.2;481.99;67.17;414.07;22.856.180.000.000.000
29/3/2026;Antamapu;NO UE;2944;0.09;0.15;0.33;1.32;384.64;1345.78;4903.64;6275.06;4754.01;2679.43;1453.55;488.55;400.28;62.85;318.53;23068.21
29/3/2026;Antamapu;NO UE;2945;0.0;0.12;0.62;2.03;459.08;1556.42;4575.0;7076.68;5619.39;382.74;1909.62;627.68;509.25;85.2;487.06;23.290.890.000.000.000
30/3/2026;Claudia;NO UE;2946;0.14;0.04;0.28;1.04;285.54;0.0;3840.91;6711.96;5661.54;3298.61;1622.9;505.79;350.57;46.1;182.43;23.603.764.000.000.000
30/3/2026;Tajamar;NO UE;2947;0.18;0.1;0.28;1.26;469.16;1667.33;4821.63;6623.89;4584.4;2572.54;1535.37;584.41;515.49;74.93;269.05;23.720.020.000.000.000
30/3/2026;Claudia;NO UE;2948;0.09;1.8;4.05;8.9;700.05;1914.26;4959.4;6593.0;4382.96;2130.49;1001.27;287.27;192.77;29.32;89.57;22295.2
30/3/2026;Antamapu;NO UE;2949;0.06;0.06;0.36;0.5;205.02;992.47;3592.62;651.78;4972.09;3031.71;1735.81;613.44;518.76;83.71;419.06;16817.45
30/3/2026;Antamapu;NO UE;2950;0.0;0.1;0.34;0.09;199.09;1052.06;3929.25;6358.65;5081.06;3139.04;1762.28;614.96;479.9;70.99;310.7;22.998.510.000.000.000
30/3/2026;Antamapu;NO UE;2951;0.0;0.07;0.14;0.56;374.78;1646.18;5216.9;7927.97;6151.45;3589.21;1925.08;626.02;464.95;63.11;300.47;28286.89
30/3/2026;Claudia;NO UE;2952;0.0;0.12;0.38;0.98;107.55;343.59;114.23;1809.64;1470.35;860.43;434.65;137.92;97.63;15.59;61.84;5.454.900.000.000.000
30/3/2026;La Luz;NO UE;2953;1.6;0.0;0.8;4.45;766.85;1287.61;1989.28;1843.31;1104.61;574.08;319.15;105.13;85.29;15.47;58.92;8.156.549.999.999.990
30/3/2026;La Luz;NO UE;2954;0.0;0.07;0.51;1.18;444.02;862.64;1561.2;1720.58;1178.36;672.81;385.11;132.82;108.0;19.04;74.61;7.160.949.999.999.990
30/3/2026;La Luz;NO UE;2955;0.04;0.21;0.58;9.71;1578.95;3124.13;5416.35;5662.48;3536.9;1926.15;1064.6;389.03;297.51;37.1;178.7;23222.44
30/3/2026;Tajamar;NO UE;29556;0.0;0.18;0.9;2.99;675.63;2067.37;5190.75;7036.99;5017.53;2832.28;1612.57;590.17;466.26;63.7;244.44;25.801.759.999.999.900
30/3/2026;yaquilo;NO UE;2957;0.25;0.0;0.19;0.29;83.46;397.41;1865.23;5558.87;7965.68;744.43;4199.48;1091.59;578.05;52.12;163.56;22700.61
30/3/2026;yaquilo;NO UE;2958;0.0;0.0;0.0;0.15;48.02;236.82;158.28;3604.19;5453.07;4924.79;3008.18;795.65;407.21;43.43;123.55;18803.34
30/3/2026;yaquilo;NO UE;2959;8.03;0.07;0.0;0.6;90.53;361.57;1542.81;0.0;6487.16;5862.6;3630.57;947.69;474.56;45.88;145.21;19.597.280.000.000.000
1/4/2026;Claudia;NO UE;2960;0.27;2.35;12.13;30.68;1202.66;2233.93;4728.48;5750.26;3985.65;2179.32;1054.43;299.31;190.95;19.65;82.84;21.772.910.000.000.000
1/4/2026;Claudia;NO UE;2961;0.13;2.29;8.63;22.13;1241.68;2258.32;4336.39;4921.33;3142.13;1613.66;790.07;222.37;151.72;20.36;71.88;18.803.090.000.000.000
1/4/2026;Claudia;NO UE;2962;0.1;0.87;4.04;10.77;607.57;1210.07;2481.38;3039.43;2128.44;1186.62;666.1;198.22;125.82;14.75;43.59;11717.77
1/4/2026;Green Pack;NO UE;2963;0.29;0.11;0.36;1.3;348.55;1265.52;4127.66;6827.54;5316.59;2881.85;1482.03;442.24;332.52;38.34;145.64;23.210.539.999.999.900
1/4/2026;La Luz;NO UE;2664;0.04;0.21;0.37;2.33;786.09;2088.58;4793.17;6830.67;5598.5;3755.48;2253.74;752.49;541.42;74.3;284.13;27761.52
1/4/2026;Yaquilo;UE;2665;0.04;0.0;0.0;0.13;43.53;210.86;1025.6;3074.5;5052.9;5186.28;3635.49;993.13;489.4;57.44;136.17;19905.47
1/4/2026;Yaquilo;UE;2966;0.0;0.1;0.07;0.15;49.25;230.68;1165.71;3579.37;5818.61;6045.49;4213.45;1222.67;597.2;52.35;145.83;23.120.930.000.000.000
1/4/2026;Yaquilo;UE;2967;0.0;0.0;0.2;0.29;66.23;315.02;1615.71;4873.04;7380.14;7117.94;4702.77;1301.32;643.57;56.27;167.2;28239.7
1/4/2026;Yaquilo;UE;2968;0.0;0.11;0.0;0.33;60.55;217.47;928.48;2631.91;3802.06;3433.03;2171.84;553.95;273.82;26.67;84.48;14184.7
1/4/2026;La Luz;NO UE;2969;1.34;0.18;0.62;4.55;1038.69;2450.76;5089.82;6380.44;4636.13;2755.7;1603.91;538.34;422.02;62.5;232.2;25217.2
2/4/2026;Claudia;USA;2970;0.04;2.97;12.06;25.76;1085.01;2175.69;4554.39;5080.03;3107.81;1464.96;672.14;196.86;155.53;17.61;84.33;18.635.190.000.000.000
2/4/2026;Claudia;USA;2971;0.06;2.15;11.71;31.88;1326.1;2561.51;2583.52;6625.83;4141.9;1927.86;805.36;195.07;113.02;11.21;37.06;20374.24
2/4/2026;Claudia;USA;2972;0.0;3.15;11.91;29.22;1174.26;2215.72;5010.93;6266.94;4075.2;1901.59;791.1;201.98;104.7;11.58;42.83;21.841.110.000.000.000
2/4/2026;Tajamar;USA;2973;0.0;0.23;0.49;1.49;138.9;712.05;3019.97;6296.65;5982.14;3748.59;1873.88;530.34;340.51;44.16;145.47;22834.87
2/4/2026;Tajamar;USA;2974;0.05;0.12;0.37;0.89;293.97;1109.87;3717.55;6448.86;5539.47;3390.02;1778.35;577.1;402.53;50.93;202.77;23512.85
2/4/2026;La luz;NO UE;2975;0.09;0.27;0.37;4.53;860.68;2097.17;4506.49;4506.49;5953.96;4518.21;2887.41;1704.0;578.81;420.03;50.77;28089.28
2/4/2026;La Luz;NO UE;2976;0.0;0.1;0.48;2.14;413.84;1057.14;2411.87;3184.94;2346.18;1324.41;744.27;246.99;165.0;20.72;77.02;11995.1
2/4/2026;Antamapu;NO UE;2977;0.14;0.1;0.07;0.43;101.86;372.31;1193.99;1968.85;1691.92;1125.75;696.59;257.84;210.14;29.99;171.26;7.821.240.000.000.000
2/4/2026;Yaquilo;UE;2978;0.0;0.15;0.28;0.74;59.57;245.1;1166.11;3794.94;6180.99;6489.91;4558.39;1307.4;661.89;63.19;171.82;24700.48
2/4/2026;Yaquilo;UE;2979;0.0;0.0;0.0;0.19;40.15;190.41;989.18;3216.24;5458.62;5895.27;4370.66;1320.34;689.61;65.49;192.33;22.428.490.000.000.000
2/4/2026;Yaquilo;UE;2980;0.0;0.06;0.07;0.0;20.09;98.03;516.39;1656.47;2715.78;2994.0;2209.64;644.77;340.41;31.25;83.97;11310.93
2/4/2026;Yaquilo;UE;2981;0.0;0.0;0.16;0.51;40.67;197.57;938.98;2978.04;5090.98;5642.07;4405.48;1428.96;736.77;66.33;211.19;21737.71
2/4/2026;Antamapu;UE;2982;0.0;0.0;0.2;0.17;58.85;371.29;1583.52;3003.28;2711.9;1930.56;1261.58;469.23;370.97;53.8;289.15;12.104.499.999.999.900
2/4/2026;Antamapu;NO UE;2983;0.0;0.0;0.0;0.08;86.86;478.67;1931.83;3353.83;2834.0;1861.27;1194.18;433.53;329.24;45.03;228.96;12.777.480.000.000.000
2/4/2026;Tajamar;NO UE;2984;0.04;0.18;1.22;1.82;158.09;612.33;2362.49;0.0;4613.55;2911.18;1484.96;438.41;275.58;35.93;113.46;13009.24
2/4/2026;Tajamar;NO UE;2985;0.0;0.0;0.0;0.8;45.08;209.11;840.53;1691.82;1543.34;953.31;480.02;139.46;93.83;10.51;38.38;60.461.900.000.000.000
2/4/2026;Tajamar;NO UE;2986;0.0;0.18;0.16;0.44;89.33;595.01;3241.74;7551.06;7479.34;4661.33;2356.41;657.28;426.82;53.9;199.14;27.312.140.000.000.000
2/4/2026;Tajamar;NO UE;2987;0.05;0.0;0.12;0.35;89.8;527.79;2601.81;5755.25;5594.91;3513.06;1782.8;536.89;371.73;43.46;162.86;20.980.879.999.999.900
2/4/2026;Antamapu;NO UE;2988;0.0;0.0;0.18;0.24;93.5;571.32;2442.53;5387.87;5617.0;4233.22;2823.19;1050.11;773.39;111.78;461.85;23.566.179.999.999.900
2/4/2026;Antamapu;NO UE;2989;0.04;0.0;0.0;0.0;52.6;344.2;1523.42;3196.89;3161.14;23936.42;1559.8;593.88;462.44;75.03;305.49;35211.35
3/4/2026;Claudia;USA;2990;0.09;2.29;12.85;36.19;1171.18;2194.63;4922.47;5844.47;3616.27;1729.19;740.56;182.1;98.34;8.53;29.86;20589.02
3/4/2026;Claudia;USA;2991;0.0;0.0;0.06;0.0;0.12;0.46;0.53;0.79;0.15;0.21;0.0;0.0;0.0;0.0;0.0;2.32
3/4/2026;Yaquilo;UE;2992;0.04;0.22;0.71;1.79;130.83;380.55;1320.48;3415.14;5274.22;5648.31;4285.63;1306.18;724.97;67.53;198.57;22.755.170.000.000.000
3/1/2026;Yaquilo;UE;2993;0.04;0.09;22.0;0.65;61.34;232.32;1056.53;3292.97;5710.5;6455.66;5056.77;1735.15;634.93;84.61;225.2;24.568.760.000.000.000
4/4/2026;Yaquilo;UE;2994;0.0;0.0;0.09;0.65;61.42;212.6;1097.38;3732.63;6686.03;7558.71;5917.44;2147.81;515.12;86.74;231.03;28.247.649.999.999.900
4/4/2026;Yaquilo;UE;2995;0.0;0.15;0.17;1.23;41.86;145.67;768.32;2770.96;5348.81;6603.28;5224.47;2744.94;643.95;82.56;205.86;24.582.230.000.000.000
4/4/2026;Yaquilo;UE;2996;0.0;0.09;0.6;1.4;53.64;177.33;908.65;3114.18;5759.16;6956.8;3961.09;4181.09;1022.38;80.87;209.27;26426.55
4/4/2026;Yaquilo;UE;2997;0.0;0.07;0.28;1.41;56.27;202.35;907.56;2979.03;5253.07;6076.44;3318.92;3431.25;883.9;77.58;230.27;23.418.400.000.000.000
4/4/2026;Yaquilo;UE;2998;10.3;0.29;5.82;24.15;1456.15;2381.06;4551.65;5712.37;5073.16;4074.64;1925.78;1929.09;508.77;51.09;176.0;27880.32
8/4/2026;Yaquilo;UE;3000;1.12;0.83;5.0;25.66;1564.49;2736.02;5386.04;5965.62;3417.88;1530.11;444.54;431.24;174.22;22.3;111.81;21.816.880.000.000.000
8/4/2026;Yaquilo;UE;3001;0.0;0.54;7.85;33.67;2080.27;3472.2;6406.61;6627.83;3650.03;1596.01;477.17;474.97;197.74;27.05;136.26;25.188.199.999.999.900
8/4/2026;Yaquilo;UE;3002;1.6;0.72;5.53;27.6;1943.64;3318.14;6191.88;6518.94;3683.39;1704.41;537.96;536.04;223.79;33.58;144.18;24871.4
8/4/2026;Yaquilo;UE;3003;0.04;0.53;9.71;39.19;2360.66;3596.76;6173.76;6124.64;3291.43;1458.56;491.18;491.44;198.16;24.99;126.47;24.387.520.000.000.000
8/4/2026;Tajamar;USA;3004;1.83;5.25;165.9;670.99;818.95;1255.96;3651.27;4441.83;5910.27;3619.45;1653.61;674.88;231.19;175.38;158.26;23435.02
8/4/2026;Tajamar;USA;3005;1.14;1.72;110.14;550.41;716.15;1085.54;3258.35;4086.33;5578.43;3431.53;1536.76;633.99;203.61;152.25;155.01;21.501.359.999.999.900
9/4/2026;Yaquilo;UE;3007;0.05;0.42;5.55;21.54;1392.28;2293.39;4278.61;5168.68;3912.35;2490.85;982.04;933.11;318.76;34.27;142.78;21.974.679.999.999.900
9/4/2026;Yaquilo;UE;3008;0.0;0.27;1.86;8.74;928.63;1606.57;3135.13;3930.64;3443.24;2894.39;1386.12;1435.97;387.19;40.22;141.34;19340.31
9/4/2026;Yaquilo;UE;3009;0.06;1.13;7.55;29.73;1621.77;2410.99;4180.47;4535.83;3519.21;2869.44;1555.51;1897.43;622.85;65.7;184.31;23501.98
9/4/2026;Yaquilo;UE;3010;1.3;0.33;1.58;6.51;393.86;649.69;1544.62;3033.68;4756.33;5751.64;3386.08;3579.58;980.62;85.22;209.21;24.380.250.000.000.000
9/4/2026;Yaquilo;UE;3011;0.31;0.46;4.48;15.69;1449.75;2811.64;5721.73;6754.19;4418.74;2534.16;1018.12;1012.67;343.35;35.66;121.28;26.242.229.999.999.900
9/4/2026;Los Chicos;OD;3012;1.43;4.88;194.6;645.7;650.88;960.86;2802.62;3664.51;5598.3;4291.48;2493.16;1163.02;355.55;267.39;217.5;23.311.879.999.999.900
9/4/2026;Los Chicos;OD;3013;2.42;10.17;341.63;951.71;917.6;1231.69;3445.53;4259.74;6288.17;4580.94;2579.27;1206.99;377.99;280.4;202.36;26.676.610.000.000.000
9/4/2026;Claudia;USA;3014;6.81;26.84;735.75;1899.05;1588.8;1941.07;4176.56;3591.44;3296.8;1304.25;452.83;149.39;32.14;26.43;12.1;19.240.260.000.000.000
9/4/2026;Claudia;USA;3015;8.42;23.09;689.34;1847.1;1519.84;1861.12;3992.19;3580.46;3559.14;1673.13;639.27;220.21;59.07;32.64;18.15;19.723.170.000.000.000
9/4/2026;Claudia;USA;3016;10.0;28.28;808.36;1996.55;1631.39;1954.01;4176.91;3676.18;3668.71;1694.34;665.41;231.66;63.47;34.66;25.9;20665.83
9/4/2026;Claudia;USA;3017;13.57;38.02;1045.24;2381.87;1909.59;2220.65;4759.09;4126.41;3902.41;1721.75;640.74;208.46;61.01;34.71;20.51;23084.03
9/4/2026;Claudia;USA;3018;9.39;22.61;646.0;1818.91;1568.08;1890.17;4151.21;3759.1;3787.55;1807.11;716.51;265.41;66.54;38.91;25.37;20572.87
9/4/2026;Claudia;USA;3019;10.84;17.27;249.02;506.69;401.34;459.1;935.73;808.45;813.11;379.57;148.31;57.72;14.03;9.11;5.25;4.815.539.999.999.990
10/4/2026;Claudia;USA;3020;12.76;27.3;452.95;842.7;651.62;754.63;1541.91;1331.46;1311.3;571.35;212.1;78.82;21.82;16.7;4.94;7832.36
10/4/2026;Tajamar;NO UE;3021;3.33;12.34;359.34;1028.45;1009.35;1441.39;3761.92;4062.14;4933.64;2700.09;1195.6;478.64;160.47;116.26;99.86;21362.82
10/4/2026;Tajamar;NO UE;3022;1.1;4.23;192.94;825.64;913.93;1310.84;3469.2;3685.74;4093.92;2189.68;966.92;411.83;135.3;102.07;99.61;18.402.949.999.999.900
10/4/2026;Tajamar;NO UE;3023;1.44;3.15;121.38;555.86;689.58;1091.77;3268.75;4029.84;5639.55;3604.25;1701.76;696.98;237.18;166.22;158.69;21.966.399.999.999.900
10/4/2026;Tajamar;NO UE;3024;3.67;2.76;129.93;707.88;959.43;1549.32;4631.55;5554.92;7307.85;4357.4;2026.57;849.6;279.48;222.49;22.04;28604.89
11/4/2026;Tajamar;NO UE;3025;0.95;2.81;149.4;788.94;992.01;1589.04;4520.94;5105.49;5856.3;3076.89;1375.67;582.62;187.52;148.3;96.37;24473.25
11/4/2026;Tajamar;NO UE;3026;1.76;217.78;1131.95;1392.65;2127.76;5940.87;6296.65;6963.55;3594.49;1592.04;700.79;235.5;176.56;127.54;0.0;30.499.890.000.000.000
11/4/2026;Tajamar;NO UE;3027;0.64;2.38;166.29;841.77;1103.12;1723.78;4903.72;5434.05;6223.13;3266.86;1519.31;661.65;232.42;178.14;134.9;26.392.160.000.000.000
11/4/2026;Tajamar;NO UE;3028;0.39;1.41;135.24;602.64;712.39;1096.7;2973.9;3250.47;3744.99;1945.99;906.0;410.03;142.27;110.53;75.51;16.108.460.000.000.000
11/4/2026;Tajamar;NO UE;3029;2.17;3.47;145.82;757.26;1014.79;1603.85;4716.85;5478.01;6698.46;3725.12;1670.77;685.34;2639.62;179.24;163.83;29.484.600.000.000.000
13/4/2026;Yaquilo;UE;3034;8.3;41.51;988.91;868.06;3069.67;2209.25;5073.34;4974.29;5270.88;2545.3;970.81;381.75;118.5;86.71;90.28;26697.56
13/4/2026;Yaquilo;UE;3035;8.53;34.52;671.1;595.05;2208.27;1665.54;4249.19;4547.47;5763.31;3896.85;2239.16;1028.79;306.0;209.45;137.59;27.560.820.000.000.000
13/4/2026;Yaquilo;UE;3036;5.3;25.38;283.9;728.91;1658.04;1180.67;3027.9;3593.72;6090.34;6069.22;4225.43;1958.83;544.4;316.7;198.37;29907.11
13/4/2026;Claudia;USA;3037;1.75;10.09;240.17;152.11;2778.27;1952.53;4292.54;3775.84;3501.32;10391.74;468.55;160.72;39.31;24.19;12.92;27802.05
13/4/2026;Claudia;USA;3038;43.65;14.0;280.51;1133.03;20857.77;2064.18;4544.35;4088.12;3795.52;1553.41;501.75;177.26;42.06;27.85;17.16;39140.62
13/4/2026;Claudia;USA;3039;3.81;11.19;141.32;549.37;1397.06;1024.26;2235.92;2097.36;1997.81;835.89;284.99;95.47;25.39;18.46;7.83;10.726.129.999.999.900
13/4/2026;Claudia;USA;3940;1.58;5.98;92.0;414.87;1180.61;911.85;2181.78;2162.0;2280.69;1044.44;400.98;136.47;36.13;20.33;10.58;10.880.289.999.999.900
13/4/2026;Claudia;USA;3941;3.73;15.02;294.78;1160.62;2910.03;2131.93;4966.76;4715.26;4897.44;2206.58;812.94;280.37;76.76;50.72;19.72;24542.66
13/4/2026;Claudia;USA;3942;3.89;16.95;259.11;119.95;2979.4;2182.2;5153.74;5003.72;5243.17;2453.99;943.94;320.45;85.54;51.79;27.99;24.845.829.999.999.900
13/4/2026;Claudia;USA;3943;2.19;9.9;130.82;468.77;1127.06;775.06;1763.84;1632.84;1620.32;725.8;278.51;82.99;19.19;16.02;8.08;8661.39
13/4/2026;Claudia;USA;3944;15.77;35.4;300.99;951.74;2301.46;1605.27;3511.44;3181.26;3115.31;1397.1;508.9;164.45;38.53;25.37;14.39;17.167.379.999.999.900
13/4/2026;Claudia;USA;3945;7.24;21.49;343.3;1161.82;2774.36;1967.49;4518.19;4420.0;4712.5;2264.92;897.45;295.28;82.47;56.99;25.16;23548.66
14/4/2026;Claudia;USA;3046;4.37;14.84;274.22;118.38;3002.48;2242.08;5335.21;5168.85;0.0;2397.24;887.98;295.84;73.33;49.54;22.76;19887.12
13/4/2026;Tajamar;USA;3047;4.26;9.16;130.41;545.09;1777.24;1581.55;4097.29;4243.49;4721.45;2563.22;1174.57;535.88;184.3;135.18;95.25;21798.34
13/4/2026;Tajamar;USA;3048;1.72;3.84;46.11;209.48;734.11;650.73;1702.1;1739.16;1944.69;1048.34;512.68;250.83;89.97;57.16;30.49;9021.41
13/4/2026;yaquilo;UE;3049;25.83;98.83;875.38;2081.69;3949.72;2547.31;5229.27;4362.49;3990.04;1671.36;665.55;269.44;92.41;69.46;79.9;26008.68
13/4/2026;yaquilo;UE;3050;34.34;132.03;1131.67;2429.84;4522.19;2764.38;5718.58;4730.36;4303.28;1783.04;664.95;271.8;91.82;75.16;69.95;28723.39
13/4/2026;yaquilo;UE;3051;28.04;108.15;1002.37;2292.98;4333.93;2757.11;5889.44;5253.98;5104.32;2293.15;859.01;337.4;101.42;85.49;72.29;30519.08
13/4/2026;yaquilo;UE;3052;23.78;78.92;609.9;1469.52;3002.89;2007.96;4404.53;4149.97;4828.02;3513.22;2157.98;1030.82;306.83;200.36;147.94;27.932.640.000.000.000
14/4/2026;Antamapu;UE;3053;2.66;7.44;140.79;616.06;2144.89;1942.6;5139.11;5425.54;5544.72;2721.69;1244.65;550.26;185.58;131.9;132.88;25.930.770.000.000.000
14/4/2026;Antamapu;UE;3054;9.78;31.25;483.04;1623.06;3888.91;2867.01;6675.73;6501.29;6646.11;3269.42;1476.9;653.0;222.44;176.59;147.18;34671.71
14/4/2026;Tajamar;UE;3055;3.31;10.4;94.19;420.41;1527.68;1367.38;3550.16;3580.52;3839.31;2000.61;978.83;460.75;153.86;113.69;76.17;18177.27
14/4/2026;Tajamar;USA;3056;5.08;12.97;157.1;678.91;2351.48;2091.4;5339.1;5357.55;5919.49;3165.05;1442.41;661.5;226.57;163.62;103.49;27675.72
14/4/2026;Tajamar;USA;3057;3.46;12.85;204.5;787.23;2037.24;1569.75;3688.58;3563.57;3508.66;1696.52;769.73;343.62;113.93;88.74;84.34;18472.72
14/4/2026;Claudia;USA;3058;3.23;15.82;268.88;1017.61;2556.15;1854.38;4305.69;4151.98;4541.99;2218.05;808.72;287.75;70.31;49.34;23.49;22173.39
14/4/2026;Claudia;USA;3059;1.91;8.2;165.99;773.83;2429.75;1939.53;4848.18;4890.8;5469.97;2828.84;1046.79;366.36;97.67;59.61;25.02;24952.45
14/4/2026;Claudia;USA;3060;12.65;25.87;322.18;1166.48;2993.34;2249.25;5284.6;5297.47;5804.6;2873.81;1072.28;352.55;86.15;62.16;32.25;27.635.640.000.000.000
14/4/2026;Claudia;USA;3061;2.05;7.34;67.95;182.84;381.86;258.38;561.38;510.69;498.96;234.18;89.0;36.78;8.07;8.27;7.69;2855.44
15/4/2026;yaquilo;UE;3061;30.89;101.7;901.51;2071.84;4025.69;2599.81;5630.04;5093.1;4891.06;2188.41;799.09;304.64;97.33;74.74;60.95;28.870.800.000.000.000
15/4/2026;yaquilo;UE;3062;60.16;238.39;1882.64;4049.4;7594.69;4868.25;10390.6;9327.66;8936.68;3903.02;1475.62;580.94;185.54;139.37;129.39;53762.35
15/4/2026;yaquilo;UE;3063;1.78;9.1;93.52;269.36;637.68;481.56;1204.51;1284.11;1473.18;753.19;330.36;131.81;42.95;31.31;24.44;6768.86
15/4/2026;Los Chicos;NO UE;3064;2.41;14.83;229.77;752.44;1731.99;1250.26;2966.35;3206.42;4159.94;2694.35;1449.67;664.33;202.91;149.15;105.73;19.580.550.000.000.000
15/4/2026;Los Chicos;NO UE;3065;0.99;5.04;72.44;317.14;1063.37;953.37;2846.47;3801.17;5950.38;4667.24;2769.85;1333.57;432.79;329.96;235.72;24779.5
15/4/2026;Claudia;USA;3066;2.18;6.12;66.99;280.18;788.02;618.6;1513.86;1526.01;1731.13;872.76;373.68;135.7;34.01;28.43;16.08;7.993.750.000.000.000
15/4/2026;Claudia;USA;3067;1.98;7.0;152.72;623.53;1710.16;1298.1;3089.52;3005.17;3150.01;1495.33;5553.49;183.35;49.41;31.06;13.11;20.363.940.000.000.000
15/4/2026;Claudia;USA;3068;6.71;20.81;343.45;1357.68;3394.46;2479.24;5636.25;5321.84;5352.85;2372.89;836.84;271.49;78.22;38.48;19.39;27.530.600.000.000.000
15/4/2026;Claudia;USA;3069;2.33;9.0;180.7;800.42;2468.99;1952.62;4652.09;4570.8;4903.69;2396.7;900.11;303.73;79.06;51.4;24.66;23.296.300.000.000.000
15/4/2026;Claudia;USA;3070;3.46;15.89;310.36;1244.5;3116.85;2262.64;5110.22;4728.4;4729.41;2048.78;710.35;226.19;55.49;39.36;18.38;24620.28
15/4/2026;Tajamar;USA;3071;6.21;14.96;173.81;662.65;2117.11;1800.76;4598.63;4734.41;5321.92;2940.98;1329.68;577.88;197.74;160.42;125.12;24762.28
15/4/2026;Tajamar;USA;3072;1.88;5.56;55.09;242.97;901.47;840.36;2291.12;2515.42;2974.98;1669.93;804.49;360.65;118.32;91.12;58.16;12931.52
15/4/2026;Tajamar;USA;3073;5.85;13.43;192.89;765.18;2374.99;2042.77;5327.37;5738.4;6616.24;3671.61;1613.68;700.77;235.99;184.3;139.89;29.623.359.999.999.900
15/4/2026;Tajamar;USA;3074;7.28;16.24;203.86;808.14;2320.75;1933.24;4764.95;5053.09;5801.32;3197.0;1448.26;602.14;216.53;153.29;131.57;26.657.659.999.999.900
16/4/2026;Claudia;USA;3075;6.2;15.56;278.28;1052.58;2748.7;2046.52;4880.62;4867.87;5332.05;2630.51;985.85;326.82;85.52;49.38;21.71;25328.17
16/4/2026;Claudia;USA;3076;3.24;11.21;153.63;580.17;1570.23;1204.86;2900.07;3004.43;3222.46;1665.08;657.99;227.43;64.69;40.96;19.77;15326.22
16/4/2026;Yaquilo;UE;3077;3.11;8.27;98.17;304.13;832.4;719.32;2100.41;2879.76;4955.14;4685.36;3468.05;2096.46;734.18;546.53;436.2;23.867.489.999.999.900
16/4/2026;Yaquilo;UE;3078;3.77;10.27;132.5;437.11;1232.25;1048.99;3066.93;4194.73;6734.53;5677.55;3853.29;2195.57;783.25;586.45;513.47;30470.66
16/4/2026;Yaquilo;UE;3079;10.81;31.16;300.45;884.78;2246.6;1823.87;4985.26;5988.41;8168.26;5300.21;2887.13;1393.16;466.3;348.15;262.6;35097.15
16/4/2026;Yaquilo;UE;3080;6.48;16.51;179.31;520.16;1280.75;1015.74;0.0;3449.31;4758.91;3106.81;1677.24;754.45;258.64;181.05;135.4;17340.76
16/4/2026;Yaquilo;UE;3081;3.96;11.78;144.17;478.15;1453.52;1255.95;3669.45;4807.45;7161.04;5112.52;2984.74;1510.34;494.87;381.9;307.18;29.777.020.000.000.000
16/4/2026;Tajamar;USA;3082;5.65;14.87;223.81;846.67;2418.84;1883.96;4535.26;4629.89;4806.33;3382.21;1406.23;617.06;212.38;159.92;132.89;25.275.969.999.999.900
16/4/2026;Tajamar;USA;3083;4.32;10.11;134.36;515.94;1553.49;1272.9;3130.67;3185.85;3023.64;2465.17;802.4;329.16;101.06;85.87;63.88;16.678.820.000.000.000
16/4/2026;Tajamar;USA;3084;4.89;15.73;190.16;658.01;1914.31;1568.53;4008.54;4224.48;4037.59;3415.0;1227.09;565.39;192.73;140.23;110.25;22.272.929.999.999.900
16/4/2026;Tajamar;USA;3085;5.72;26.04;263.42;829.05;2168.16;1665.8;3957.01;3963.63;3669.48;2914.66;984.17;460.02;155.1;122.23;94.33;21278.82
16/4/2026;Tajamar;USA;3086;64.64;149.83;1074.37;2823.66;7081.65;5423.73;13150.26;13345.7;12439.75;10103.44;3526.09;1575.5;538.84;445.81;373.19;7.211.645.999.999.990
16/4/2026;Tajamar;USA;3087;26.59;59.95;541.95;1671.98;4063.25;2973.37;6876.09;6777.91;6282.73;4848.48;1494.28;556.02;156.89;107.78;69.25;36506.52
17/4/2026;Yaquilo;UE;3088;18.61;46.78;531.25;1687.53;4169.25;3139.73;7587.17;7993.03;8058.71;7229.28;2681.2;1186.86;363.71;278.38;207.67;4.517.915.999.999.990
17/4/2026;Yaquilo;UE;3089;2.61;9.88;111.35;388.73;1113.6;968.05;2835.66;3671.13;4568.13;5185.03;2449.91;1236.5;425.49;331.54;255.89;23553.5
17/4/2026;Yaquilo;UE;3090;3.69;9.8;134.94;454.11;1318.79;1138.44;3372.63;4259.36;4930.9;4573.4;1544.33;552.94;137.82;95.8;63.78;22.590.729.999.999.900
17/4/2026;Yaquilo;UE;3091;3.77;12.87;162.24;583.01;1748.94;1573.62;4613.98;5878.57;687.02;5995.98;1920.75;681.44;194.72;137.21;96.97;24291.09
17/4/2026;Yaquilo;UE;3092;7.93;25.43;228.38;611.71;1500.66;1196.63;3325.99;4029.52;4813.43;5302.47;2598.21;1351.99;491.11;343.2;311.98;26.138.640.000.000.000
17/4/2026;Antamapu;UE;3093;6.84;31.78;362.79;986.95;2178.26;1529.37;3376.35;3119.24;2566.68;1844.15;572.22;232.66;84.03;62.83;44.12;16998.27
17/4/2026;Antamapu;UE;3094;3.66;19.66;252.21;728.86;1560.92;1093.39;2381.57;2155.36;1822.55;0.0;394.24;168.8;60.04;49.65;40.76;10731.67
17/4/2026;Antamapu;UE;3095;9.87;34.98;386.24;1189.39;2780.09;2046.5;4823.35;4727.76;4367.52;3564.87;1302.06;606.97;206.62;169.25;159.49;26.374.960.000.000.000
17/4/2026;Claudia;USA;3096;21.23;45.28;464.39;1397.6;2980.71;2043.43;4453.58;4121.98;3632.43;2702.87;797.37;274.83;77.1;47.63;22.37;23082.8
17/4/2026;Claudia;USA;3097;9.1;27.6;354.68;1216.79;0.0;2046.08;4587.72;4325.46;3808.78;2847.73;836.49;298.21;81.66;47.75;21.74;20.509.790.000.000.000
17/4/2026;Claudia;USA;3098;9.02;24.57;320.8;1081.22;2520.06;1804.06;4208.76;4119.61;3904.45;3155.23;976.83;331.08;88.31;56.66;26.86;22.627.520.000.000.000
17/4/2026;Claudia;USA;3099;13.03;44.21;511.42;1566.0;3429.81;2325.88;5146.01;4784.35;4275.4;3197.32;980.26;351.58;89.2;52.45;31.06;26.797.980.000.000.000
17/4/2026;Claudia;USA;3100;10.66;29.36;398.9;1398.71;3323.53;2286.82;5103.3;4809.06;4248.9;3233.12;963.72;334.51;77.14;62.62;27.02;26.307.369.999.999.900
17/4/2026;Claudia;USA;3101;11.96;34.24;416.1;1263.12;2738.21;1892.82;4152.61;3965.07;3523.82;2777.15;834.17;304.24;82.65;47.08;28.89;22.072.130.000.000.000
17/4/2026;Claudia;USA;3103;5.64;27.37;277.28;730.21;1527.06;1049.47;2359.59;2292.14;2073.74;1614.29;505.84;186.4;54.32;35.48;22.89;12761.72
18/4/2026;Yaquilo;UE;3105;22.61;85.39;702.66;1549.99;3004.54;2043.09;4821.98;4903.08;4688.54;3996.61;1364.82;516.11;174.72;138.72;134.99;28.147.850.000.000.000
18/4/2026;Yaquilo;UE;3106;12.81;59.4;593.68;1541.18;3417.79;2488.39;6249.22;6760.49;6720.15;5659.46;1766.82;655.81;187.58;131.96;115.0;36359.74
18/4/2026;Yaquilo;UE;3107;6.77;26.76;253.01;640.63;1384.76;998.4;2480.47;2626.19;2560.77;2247.59;757.31;275.57;97.59;74.73;67.65;14.498.199.999.999.900
18/4/2026;Yaquilo;UE;3108;8.44;29.85;342.66;982.14;2376.42;1899.42;5066.36;5931.63;6532.09;6211.71;2183.27;835.11;251.55;169.35;123.52;32943.52
18/4/2026;Yaquilo;UE;3109;13.67;28.69;210.31;667.11;1971.65;1685.12;4646.12;5331.72;5555.36;4697.14;1575.62;641.04;208.49;158.37;133.45;27523.86
19/4/2026;Tajamar;USA;3110;33.45;58.84;353.7;928.56;2473.22;2111.78;5529.69;6258.0;6753.23;6325.24;2353.96;1048.74;363.39;294.13;247.46;3.513.338.999.999.990
19/4/2026;Tajamar;USA;3111;6.13;10.5;60.1;178.76;556.71;514.99;1385.2;1519.07;1483.56;1337.35;536.19;255.74;85.79;65.92;59.51;8.055.520.000.000.000
19/4/2026;Tajamar;USA;3112;12.46;24.91;182.01;606.3;1982.88;1807.39;5121.35;6145.03;6524.43;5757.47;1959.63;810.61;301.15;235.52;187.61;31.658.750.000.000.000
19/4/2026;Tajamar;USA;3113;30.35;51.48;303.75;762.14;2154.91;1786.71;4715.71;5165.15;5043.4;4030.04;1302.21;541.43;183.69;150.6;122.67;26.344.239.999.999.900
19/4/2026;Tajamar;USA;3114;26.11;43.93;237.9;571.34;1627.12;1475.16;4146.6;4967.48;5480.54;5186.46;1856.39;824.74;257.38;229.21;183.3;27113.66
19/4/2026;Claudia;USA;3115;10.16;23.13;319.44;101.42;2651.29;1838.26;4098.16;3767.58;3340.74;2460.4;732.37;268.72;66.97;43.14;22.13;19.743.910.000.000.000
19/4/2026;Claudia;USA;3116;7.3;31.02;446.9;1482.59;3498.19;2495.52;5669.0;5462.39;4834.55;3629.55;1083.67;355.26;97.7;66.59;38.95;29199.18
19/4/2026;Claudia;USA;3117;5.34;19.17;301.59;1028.11;2351.55;1667.52;3791.98;3622.32;3302.76;2535.56;769.65;259.46;66.73;44.32;21.4;19.787.460.000.000.000
19/4/2026;Claudia;USA;3118;4.58;14.8;238.69;793.79;1812.44;1284.26;2879.72;2712.95;2496.52;1892.35;559.72;190.01;52.93;36.52;23.76;14993.04
19/4/2026;Claudia;USA;3119;14.58;53.12;729.45;2495.6;6049.17;4276.01;9754.99;9294.41;8316.51;6443.97;1887.91;650.88;163.14;101.35;51.15;50282.24
19/4/2026;Claudia;USA;3120;3.15;12.92;202.18;687.39;1778.56;1252.37;2930.76;2857.5;2645.1;2054.99;618.56;218.36;73.6;41.98;22.19;15399.61
19/4/2026;Antamapu;UE;3121;6.54;38.55;416.39;1149.16;2647.78;1892.1;4373.11;4280.31;3936.44;3219.6;1197.15;513.85;158.59;134.27;133.34;24097.18
19/4/2026;Antamapu;UE;3122;5.22;24.79;318.88;972.94;2301.44;1695.4;3972.81;3936.5;3609.06;2916.32;1016.32;450.75;143.83;121.69;112.27;21598.22
19/4/2026;Yaquilo;UE;3123;40.97;147.76;1089.49;2037.68;3369.52;2000.12;4140.03;3639.01;3131.57;2400.85;790.45;326.22;101.32;79.53;88.94;23383.46
19/4/2026;Tajamar;USA;3124;21.28;38.22;225.66;469.78;952.15;659.34;1551.08;1599.32;1565.11;1218.56;384.14;140.57;42.45;37.6;24.37;8.929.630.000.000.000
19/4/2026;Tajamar;USA;3125;20.55;39.79;331.2;931.94;0.0;1733.17;4254.4;465.46;4759.75;4130.61;1386.35;573.2;178.93;132.62;102.39;19.040.359.999.999.900
19/4/2026;Tajamar;USA;3126;36.22;71.21;481.64;1300.16;3228.71;2374.58;5546.62;5395.98;4860.66;3663.33;112.08;434.63;137.31;119.5;101.69;27.864.320.000.000.000
19/4/2026;Tajamar;USA;3127;14.34;29.65;205.69;656.35;1734.99;1443.1;3906.13;4509.15;4716.77;4038.69;1295.17;516.25;172.78;125.07;96.91;23.461.039.999.999.900
19/4/2026;Tajamar;USA;3128;24.29;28.31;192.01;520.4;1163.17;880.83;2135.85;2179.21;2103.42;1663.55;521.59;217.69;73.74;49.02;41.6;11.794.680.000.000.000
20/4/2026;Tajamar;USA;3129;32.02;63.46;445.03;1014.38;2201.65;1548.72;3605.19;3559.5;3370.95;265.12;896.02;360.48;124.3;103.25;79.83;17669.9
20/4/2026;Tajamar;USA;3130;26.22;50.03;374.18;908.85;1849.98;1275.33;2950.92;2952.11;2757.31;2224.91;728.81;299.19;103.6;74.33;56.93;16632.7
20/4/2026;Tajamar;USA;3131;4.1;17.92;278.92;989.55;2409.35;1709.54;4015.16;3931.49;3653.7;2819.51;843.58;302.61;78.62;50.35;27.48;21.131.879.999.999.900
20/4/2026;Tajamar;USA;3132;5.21;17.5;284.84;1221.97;3290.88;2494.91;5994.43;6023.52;5676.95;4497.63;1497.63;1414.5;513.72;132.11;91.26;33.157.060.000.000.000
20/4/2026;Claudia;USA;3133;2.58;7.68;110.51;352.52;764.22;520.58;1140.2;1078.6;962.54;725.59;227.77;84.49;22.11;11.82;7.22;6018.43
20/4/2026;Claudia;USA;3134;5.26;22.64;364.16;1224.42;2926.75;2148.96;4959.16;4871.7;4510.52;3514.29;1036.71;379.43;104.29;74.51;41.24;26184.04
20/4/2026;Claudia;USA;3135;20.72;36.91;461.57;1280.84;2569.72;1687.36;3752.21;3538.85;3147.03;2444.86;759.37;278.67;78.66;66.32;54.97;20.178.059.999.999.900
20/4/2026;MDR;USA;3136;52.43;220.1;1884.69;3340.68;4584.71;2305.16;3940.99;2884.59;2187.63;1725.04;676.71;386.76;141.37;131.7;172.39;24.634.949.999.999.900
20/4/2026;Claudia;USA;3137;3.39;23.87;375.59;1277.49;2950.06;2050.06;4737.78;4598.6;4185.11;3324.85;972.96;349.49;88.84;63.43;34.97;25.036.489.999.999.900
20/4/2026;Claudia;USA;3138;0.86;8.69;98.42;313.59;726.28;520.62;1206.31;1178.92;1107.31;904.47;280.77;106.32;30.14;18.2;9.61;6.510.509.999.999.990
20/4/2026;yaquilo;UE;3139;20.5;84.5;722.67;1625.39;3123.68;2108.02;4706.37;4596.83;4137.75;3216.22;954.92;351.78;109.58;81.43;83.19;25.922.829.999.999.900
21/4/2026;yaquilo;UE;3140;23.01;94.88;781.48;1815.5;3562.17;2383.31;5387.88;5242.5;4994.68;4044.92;1352.32;505.89;147.26;113.96;100.96;30.550.719.999.999.900
21/4/2026;yaquilo;UE;3141;33.79;118.81;961.46;2147.97;4071.17;2793.8;6380.74;6346.4;6002.51;4837.72;1558.38;617.1;196.73;166.68;133.04;36366.3
24/4/2026;yaquilo;UE;3025;13.14;27.93;492.13;2623.25;1452.79;1836.95;4634.08;5458.28;7492.18;4833.58;2251.06;948.0;280.25;231.65;249.56;32824.83
24/4/2026;yaquilo;UE;3026;0.27;0.87;6.31;3251.07;1547.65;1970.73;5200.04;6216.9;8840.42;5411.26;2497.74;983.93;302.31;243.47;261.76;36.734.729.999.999.900
24/4/2026;yaquilo;UE;3027;0.1;0.29;4.05;3183.78;1652.37;2094.45;5544.64;6591.05;8934.08;5644.52;2577.48;960.23;317.85;234.88;247.01;37.986.780.000.000.000
24/4/2026;yaquilo;UE;3028;0.09;0.36;2.56;1836.48;1034.14;1378.05;3991.09;5381.27;8465.68;6188.12;3137.59;1299.55;394.16;292.07;263.71;33664.92
25/4/2026;Claudia;USA;3029;0.04;0.36;2.77;2197.43;1403.68;1778.42;4638.01;5095.42;6358.41;3596.81;1570.05;550.66;151.46;97.28;52.42;27.493.219.999.999.900
25/4/2026;claudia;USA;3030;0.11;0.43;5.16;3312.29;2026.87;2666.02;0.0;7181.64;8220.41;4287.1;1824.31;602.92;166.63;94.85;46.6;30.435.339.999.999.900
25/4/2026;Claudia;USA;3031;0.22;0.31;1.33;2046.57;1451.79;1948.82;5003.28;5512.1;6898.48;3927.03;1659.13;594.03;151.88;111.76;80.26;29.386.989.999.999.900
25/4/2026;yaquilo;UE;3032;0.21;0.43;2.85;1772.5;992.76;1387.32;3989.78;5451.16;8588.48;6299.7;3461.69;1480.7;463.77;356.9;337.95;3.458.619.999.999.990
25/4/2026;yaquilo;UE;3033;0.17;0.12;1.83;2137.18;1245.43;1686.91;4687.39;5921.55;8819.37;6411.11;3532.18;1532.77;466.25;348.59;274.59;3.706.543.999.999.990
25/4/2026;yaquilo;UE;3034;0.16;0.4;2.31;2236.79;1291.03;1765.25;4988.73;6354.17;9707.7;7301.97;3868.89;1588.47;480.07;310.54;257.69;40154.17
25/4/2026;yaquilo;UE;3035;0.04;0.0;2.49;2345.62;1375.09;1869.45;5042.59;6138.5;8767.74;6004.31;3025.68;1227.91;342.87;252.28;187.71;36582.28
25/4/2026;yaquilo;UE;3036;0.04;0.06;1.54;818.63;469.86;616.77;1676.27;2113.75;3118.26;2200.17;1180.3;509.03;155.5;105.71;91.83;13057.72
26/4/2026;Claudia;USA;3037;0.1;0.5;2.07;2403.5;1426.09;1877.76;4761.34;5315.26;6899.4;4119.17;1872.72;694.49;171.23;106.48;48.85;29.698.960.000.000.000
26/4/2026;Claudia;USA;3038;0.04;0.44;3.34;2240.42;1382.1;1907.13;4828.57;5321.78;6711.44;3809.32;1717.75;602.08;180.67;103.55;49.5;28.858.129.999.999.900
26/4/2026;Claudia;USA;3039;0.2;0.05;1.17;1995.3;1410.53;1935.04;4968.67;5590.08;7186.4;4192.84;1857.28;650.25;169.25;107.24;50.66;30114.96
26/4/2026;Claudia;USA;3040;0.18;0.27;5.76;4705.53;2806.93;3600.38;9140.61;9858.81;11748.93;6706.6;2929.19;1074.15;280.5;187.4;118.62;5.316.386.000.000.000
26/4/2026;Claudia;USA;3041;0.0;0.13;1.3;1165.8;745.33;1000.93;2557.44;2816.21;3521.08;1972.58;885.22;316.67;77.67;47.76;25.6;15133.72
26/4/2026;Claudia;USA;3042;0.11;0.22;1.1;2056.86;1314.46;1699.81;4285.13;4713.21;5634.93;3219.6;1370.75;448.49;122.3;82.17;42.62;24.991.759.999.999.900
26/4/2026;Claudia;USA;3043;0.51;0.3;1.67;2885.98;1879.43;2504.71;623.91;6753.41;8290.48;4596.66;1944.2;711.82;201.01;143.49;82.39;30619.97
26/4/2026;El molino;USA;3044;0.04;0.13;1.01;3257.38;1846.55;2179.39;4777.81;4594.45;4016.24;4066.8;1485.6;703.29;248.15;198.85;149.2;27524.89
26/4/2026;El molino;USA;3045;;0.19;1.4;3461.98;2135.04;2611.93;5782.81;5455.13;4313.98;4826.83;1515.15;705.01;241.63;187.76;154.1;31392.94
26/4/2026;El molino;USA;3046;0.09;0.19;1.25;3737.92;2210.44;2668.88;5851.61;5464.99;4342.48;5025.54;1613.55;770.48;261.35;175.45;168.63;32.292.850.000.000.000
26/4/2026;Yaquilo;UE;3047;0.0;0.0;0.0;281.5;170.37;228.26;698.71;914.16;996.07;1636.73;637.5;291.15;100.32;70.97;60.16;6085.9
26/4/2026;Yaquilo;UE;3048;0.44;0.25;1.79;2262.15;1337.15;1814.74;5024.72;6249.33;6387.48;9500.1;3480.79;1530.74;431.66;324.41;232.89;3.857.864.000.000.000
26/4/2026;Claudia;USA;3049;0.05;0.19;1.24;2321.39;1448.74;1866.28;4711.26;5042.93;4365.7;5122.17;1445.4;508.44;129.16;89.82;47.44;27.100.209.999.999.900
27/4/2026;Claudia;USA;3050;0.33;0.47;4.99;2825.35;1572.9;1995.1;4951.46;5328.45;4593.72;5467.69;1570.99;556.61;149.49;85.67;41.07;29144.29
27/4/2026;Claudia;USA;3051;0.97;0.75;5.34;4297.08;2357.63;2927.05;7312.91;7692.96;6340.48;7198.29;2013.29;733.87;212.12;115.76;72.27;41.280.770.000.000.000
27/4/2026;Claudia;USA;3052;0.0;0.0;0.0;360.51;251.45;315.69;804.95;903.6;831.2;998.38;298.72;108.49;29.84;17.46;8.01;4.928.300.000.000.000
27/4/2026;Claudia;USA;3053;0.0;0.23;0.79;1355.84;955.92;1286.09;3283.45;3800.9;3519.57;4619.23;1432.52;553.18;143.67;90.85;50.78;21.093.019.999.999.900
27/4/2026;Claudia;USA;3054;0.0;0.16;1.52;1127.27;3215.87;2216.17;5709.87;6264.16;5401.4;6365.03;1887.06;698.9;192.48;121.7;65.56;33.267.149.999.999.900
27/4/2026;Claudia;USA;3055;0.0;0.0;1.25;2367.75;1455.0;1856.66;4706.13;5304.09;4783.47;6285.48;1964.58;716.32;198.99;120.25;58.33;29.818.300.000.000.000
27/4/2026;Yaquilo;UE;3056;0.22;0.76;5.15;3117.71;1602.54;2089.38;5373.32;6369.41;6268.01;9081.39;3352.76;1477.07;474.73;370.98;308.37;3.989.180.000.000.000
27/4/2026;Yaquilo;UE;3057;0.16;0.18;3.27;2684.71;1517.78;1986.62;4467.29;6720.93;6923.9;10279.58;3788.54;1655.01;503.96;351.42;279.52;41162.87
27/4/2026;Yaquilo;UE;3058;0.05;0.73;5.06;2892.61;1510.77;1930.53;4968.06;5877.97;5853.66;8227.64;2930.02;1210.73;385.89;291.27;209.41;36294.4
27/4/2026;Yaquilo;UE;3059;0.05;0.25;2.83;2460.53;1215.35;1549.68;3959.37;4601.09;4401.06;6219.07;2170.84;899.61;277.84;199.86;165.68;28.123.110.000.000.000
27/4/2026;Claudia;USA;3060;0.15;0.57;4.66;2147.29;1260.97;1605.37;4108.43;4461.36;3932.68;4786.81;1463.75;568.37;155.84;99.21;55.78;24.651.239.999.999.900
27/4/2026;Claudia;USA;3061;5.83;36.0;1.66;1737.72;1089.9;1395.46;3458.81;3792.86;3252.57;3866.38;1125.66;383.38;102.69;64.92;32.08;20345.92
27/4/2026;Claudia;USA;3062;1.1;1.77;11.9;3303.42;1655.41;0.0;4925.1;4905.39;3550.85;3390.42;823.57;323.57;80.42;49.29;23.32;23045.53
27/4/2026;Claudia;USA;3063;1.04;1.58;7.92;3722.99;2007.07;2510.15;6178.42;6083.77;4629.79;4809.54;1286.73;481.05;116.0;85.86;44.55;31.966.460.000.000.000
27/4/2026;Claudia;USA;3064;0.58;1.07;5.18;1913.9;1061.24;1356.2;3473.72;3669.22;2972.82;3142.2;864.78;333.12;89.4;56.14;25.43;18.964.999.999.999.900
27/4/2026;Claudia;USA;3065;0.14;0.048;1.86;1769.55;1049.95;1353.36;3441.66;3652.95;3201.29;3886.68;1158.16;423.61;117.05;74.95;35.28;20.166.538
28/4/2026;Tajamar;USA;3066;3.63;8.08;52.59;8408.32;2582.75;2683.17;5164.3;4201.98;2951.18;3117.42;925.19;432.03;154.85;137.19;128.82;30.951.499.999.999.900
28/4/2026;Tajamar;USA;3067;5.36;10.77;84.93;10335.55;2906.37;2971.86;5510.23;4328.56;2950.78;2948.62;792.93;337.37;93.36;74.18;65.4;33.416.270.000.000.000
28/4/2026;Tajamar;USA;3068;4.92;9.63;87.15;0.0;3159.54;3247.73;5933.93;4494.07;2912.87;2796.06;741.08;288.08;92.8;77.66;48.51;23.894.030.000.000.000
28/4/2026;Tajamar;USA;3069;13.49;19.41;142.36;0.0;4824.11;4829.73;8762.66;6444.74;4020.17;3646.83;923.78;367.91;118.86;98.51;86.22;34.298.780.000.000.000
28/4/2026;El Molino;USA;3070;0.16;0.0;1.11;4707.39;2235.18;2539.58;5543.17;5137.81;4145.46;4749.01;1579.57;791.16;283.67;213.31;217.84;32.144.420.000.000.000
28/4/2026;El Molino;USA;3071;0.08;0.06;0.58;3866.24;2169.28;2561.73;5832.35;5700.03;4862.47;5836.09;2059.06;1010.49;387.39;275.06;240.36;34801.27
28/4/2026;Claudia;USA;3072;0.63;1.39;10.28;267.65;1341.06;1721.03;4406.7;4824.06;4005.15;4041.57;1062.22;386.79;122.19;85.18;37.84;22313.74
28/4/2026;Claudia;USA;3073;2.47;4.53;40.64;8501.88;3650.29;4475.62;10759.39;0.0;8870.37;8839.82;2188.31;792.53;217.04;155.93;63.53;4.856.234.999.999.990
28/4/2026;Claudia;USA;3074;1.29;2.58;15.86;2904.22;1300.7;1574.01;3876.05;4152.86;3372.22;3667.98;990.19;378.39;101.63;71.19;37.35;22.446.519.999.999.900
28/4/2026;Claudia;USA;3075;1.21;2.57;16.88;4489.04;1846.45;2298.28;5620.71;5921.14;4954.86;5812.18;1969.09;857.83;264.74;181.11;117.31;34.353.399.999.999.900
29/4/2026;Claudia;USA;3076;0.63;2.62;19.97;0.0;1711.89;0.0;5140.46;5536.7;4784.14;6092.97;2101.9;926.82;278.84;215.69;159.01;26971.64
29/4/2026;Tajamar;USA;3077;4.29;6.64;49.79;7172.47;2268.39;2497.65;5021.81;4372.95;3237.61;3645.28;1216.36;554.9;196.54;153.07;158.81;30.556.560.000.000.000
29/4/2026;Tajamar;USA;3078;0.85;2.31;16.55;2905.08;902.52;940.42;1719.6;1238.94;782.34;685.72;170.39;72.26;25.0;17.76;19.28;9499.02
29/4/2026;Tajamar;USA;3079;2.71;7.24;50.53;8116.87;2418.12;2498.09;4568.38;3317.05;2003.76;1853.46;484.91;214.74;80.65;57.52;65.07;25739.1
29/4/2026;Tajamar;USA;3080;3.27;13.1;82.46;8977.22;2440.93;2588.65;4818.52;3907.99;2695.53;2917.74;910.72;422.52;153.76;127.11;136.88;30.196.399.999.999.900
29/4/2026;Tajamar;USA;3081;3.83;6.76;47.99;7466.94;2365.63;2529.29;4851.95;3996.02;2793.76;2947.57;761.5;308.29;83.87;59.23;51.98;28.274.609.999.999.900
29/4/2026;Yaquilo;UE;3083;0.41;0.91;5.98;0.0;1379.39;2174.88;4149.06;6189.42;8554.4;6096.75;2469.03;2121.33;594.92;65.19;227.68;34029.35
29/4/2026;Yaquilo;UE;3084;0.0;0.24;1.46;1623.51;898.42;1478.33;2818.34;4341.86;6545.26;5253.89;2405.52;2517.54;848.64;109.5;327.33;29169.84
29/4/2026;Yaquilo;UE;3085;0.28;1.09;5.94;2707.8;1417.27;2319.82;4234.31;6373.06;8907.52;6571.61;2728.68;2577.89;777.81;90.61;284.39;38998.08
29/4/2026;Yaquilo;UE;3086;0.0;1.42;12.19;3754.29;1739.12;2639.09;4693.51;6641.98;8660.52;5816.15;2223.11;2012.84;621.66;63.07;245.06;39.124.009.999.999.900
29/4/2026;El molino;USA;3087;0.1;0.36;4.43;6569.21;3788.88;4509.78;10207.59;9861.47;7923.97;9571.07;3276.98;1587.58;562.23;438.67;346.79;5.864.911.000.000.000
29/4/2026;El molino;USA;3088;0.0;0.21;1.67;1599.51;915.55;1132.64;2590.17;2408.84;1933.12;2259.53;802.91;382.04;143.06;126.31;119.02;14414.58
29/4/2026;Tajamar;USA;3089;0.22;1.35;10.69;4510.81;1804.76;2102.38;0.0;4093.5;3174.02;3477.84;1268.85;627.82;259.67;217.13;252.65;21801.69
29/4/2026;Tajamar;USA;3090;2.45;5.89;39.57;5059.14;1505.83;1569.48;2942.07;2256.03;1518.14;1511.57;502.18;252.13;101.48;71.61;73.43;17.411.000.000.000.000
29/4/2026;Claudia;USA;3091;2.33;5.47;30.92;4837.76;1958.78;2347.11;5668.99;5819.37;4559.83;4501.46;1121.38;395.82;123.74;6.53;40.06;31419.55
29/4/2026;Claudia;USA;3092;1.87;4.5;29.0;4619.12;1882.3;2273.51;5343.79;5352.81;4046.96;3872.86;931.07;338.47;89.86;60.88;38.6;28.885.600.000.000.000
29/4/2026;Claudia;USA;3093;2.0;3.17;24.42;5036.51;2067.35;2494.23;5984.68;6187.67;4957.12;5327.37;1527.88;603.49;176.68;121.7;77.1;3.459.136.999.999.990
29/4/2026;Claudia;USA;3094;2.35;4.35;27.66;4503.15;1807.13;2193.58;5155.51;5066.67;3851.67;3599.14;871.12;337.0;102.84;68.25;33.02;27623.44
29/4/2026;Claudia;USA;3095;1.45;5.19;29.64;4798.75;1955.08;2380.76;5581.44;5556.2;4184.97;4194.57;1110.81;427.65;130.58;80.51;48.7;30.486.300.000.000.000
30/4/2026;Claudia;USA;3096;0.65;2.0;18.54;4054.22;1808.84;2262.84;5645.29;5922.17;4911.24;4971.15;1305.1;484.7;125.04;87.89;48.4;31.648.070.000.000.000
30/4/2026;Tajamar;USA;3098;0.48;0.71;7.32;1605.12;562.22;617.52;1258.38;1059.02;753.03;714.82;181.54;67.39;20.27;11.69;8.85;6.868.360.000.000.000
30/4/2026;Tajamar;USA;3099;5.2;12.29;77.1;9676.24;2664.52;2683.69;4894.61;3635.52;2360.92;2251.08;597.25;266.67;85.68;84.51;86.5;29.381.780.000.000.000
30/4/2026;Tajamar;USA;3100;4.24;3.52;24.81;5238.32;1829.5;2020.96;4194.53;3689.85;2797.28;3090.07;1047.52;528.3;219.83;183.86;237.65;25.110.239.999.999.900
30/4/2026;Yaquilo;UE;3101;0.41;1.47;10.8;4015.1;1862.73;2329.24;5917.36;6906.87;6811.02;9763.66;3531.32;1511.59;483.32;348.46;284.82;43778.17
30/4/2026;Yaquilo;UE;3102;0.27;0.83;3.61;1152.47;502.03;624.02;1531.0;1747.35;1731.01;2464.7;862.93;393.29;115.6;92.24;72.35;11.293.700.000.000.000
30/4/2026;Yaquilo;UE;3103;0.25;0.31;4.98;2623.21;1247.85;1625.88;4226.44;5107.74;5264.79;8335.61;3296.66;1516.45;477.62;325.95;243.78;34297.52
30/4/2026;Yaquilo;UE;3104;0.07;0.31;1.34;960.65;505.98;652.24;1885.0;2609.26;3249.55;7757.02;5744.77;4280.34;1751.44;1436.23;1275.82;32110.02
30/4/2026;Yaquilo;UE;3105;0.4;1.55;14.19;4302.33;2051.7;2661.03;6948.75;8201.24;8295.48;12876.69;5614.06;2891.77;1026.35;772.15;704.02;5.636.170.999.999.990
30/4/2026;Antamapu;UE;3106;2.29;3.87;23.51;3549.98;1623.91;2057.1;5373.56;6661.93;6594.06;9358.28;3580.02;1754.18;598.14;476.39;441.94;42099.16
30/4/2026;Claudia;USA;3107;0.92;1.59;15.58;2275.99;946.86;1209.02;3277.69;3889.16;3664.62;4952.98;1713.77;729.16;223.13;148.24;124.56;23.173.270.000.000.000
30/4/2026;Claudia;USA;3108;2.2;3.76;32.11;5034.33;2088.22;2508.63;6075.17;6290.54;4988.28;5186.65;1490.57;568.06;160.18;112.77;68.75;34.610.219.999.999.900
30/4/2026;Claudia;USA;3109;0.52;2.5;14.35;2773.41;1180.56;1467.38;3898.7;4441.11;4035.47;4958.27;1495.68;550.14;160.83;108.41;72.15;25.159.480.000.000.000
30/4/2026;Claudia;USA;3110;1.63;3.78;21.98;3463.74;1440.26;1898.4;4943.28;6036.39;5817.74;7953.94;2855.25;1179.16;335.69;233.71;159.46;36344.41
1/5/2026;Claudia;USA;3111;1.33;3.17;18.58;2816.61;1180.9;1546.8;4095.76;4960.25;4834.53;6620.61;2202.07;836.74;233.23;165.25;91.52;29.607.350.000.000.000
1/5/2026;Claudia;USA;3112;1.45;3.11;25.36;3835.41;1549.12;1950.88;5112.49;6089.63;5788.27;5840.41;2806.16;1254.53;393.5;296.02;201.72;35148.06
1/5/2026;Tajamar;USA;3113;0.67;1.61;14.32;5116.28;2153.63;2483.04;5490.2;5064.44;4059.25;4674.11;1432.79;575.19;197.1;137.96;121.24;31.521.829.999.999.900
1/5/2026;Tajamar;USA;3114;1.41;2.62;12.74;3770.15;1257.14;1398.67;2870.01;2490.6;1859.72;2121.77;666.19;283.04;104.4;83.72;104.86;17.027.040.000.000.000
1/5/2026;Antamapu;UE;3115;0.15;2.28;10.67;1725.8;751.48;1157.01;2151.39;3159.78;4380.51;2957.48;1247.75;1381.32;513.49;64.02;217.74;19.720.870.000.000.000
1/5/2026;El molino;USA;3116;0.2;0.4;3.02;3970.81;2198.74;2653.33;622.75;6119.53;5253.67;6598.35;2397.55;1152.63;407.7;380.75;280.67;32.040.099.999.999.900
1/5/2026;El molino;USA;3117;0.45;0.58;4.35;5095.44;2555.58;2986.2;6758.85;6870.92;6033.99;7845.43;3018.92;1548.37;581.16;472.96;384.7;44.157.899.999.999.900
1/5/2026;El molino;USA;3118;0.05;0.22;1.45;2167.56;1064.52;1255.57;2867.71;2919.7;2513.24;3213.2;1237.03;612.54;213.05;172.7;124.33;18362.87
1/5/2026;El molino;USA;3119;0.08;0.14;1.39;2533.94;1467.81;1774.74;4241.9;4437.9;3803.85;4886.74;1816.55;896.48;321.74;237.63;196.35;26.617.239.999.999.900
1/5/2026;yaquilo;UE;3120;0.0;0.0;0.0;37.69;22.11;32.92;93.83;144.31;161.51;337.69;233.92;161.19;72.37;53.56;45.42;1396.52
1/5/2026;yaquilo;UE;3121;0.2;0.35;3.21;2211.93;1101.65;1419.69;3799.47;4713.14;4738.99;7451.45;3151.19;1632.7;584.11;411.32;384.48;31.603.879.999.999.900
1/5/2026;yaquilo;UE;3122;0.48;0.19;2.05;1845.94;1028.7;1361.1;3748.48;4924.99;5345.62;9241.73;4689.69;2763.23;1088.2;875.04;807.57;37.723.009.999.999.900
2/5/2026;yaquilo;UE;3123;0.1;0.23;2.5;2039.36;1136.87;1513.95;4194.12;5378.22;5760.81;9489.82;4051.42;2076.59;689.42;530.0;477.48;3.734.089.000.000.000
2/5/2026;yaquilo;UE;3124;0.2;0.62;5.14;2674.33;1289.44;1681.63;4534.38;5614.44;5937.25;9531.86;3904.77;1757.32;521.24;369.68;252.5;38.074.799.999.999.900
2/5/2026;yaquilo;UE;3125;0.1;0.44;5.87;2506.67;1999.92;1549.42;0.0;5017.74;5148.32;8164.32;3302.23;1591.75;532.8;404.61;334.08;30558.27
2/5/2026;yaquilo;UE;3126;0.51;0.31;5.2;2379.72;1167.66;1539.07;3970.75;4864.48;4988.08;7812.26;3205.18;1606.29;537.05;398.41;336.68;32811.65
2/5/2026;yaquilo;UE;3127;0.09;0.24;3.75;2207.9;1113.87;1473.8;3915.0;5033.09;5448.18;9859.55;0.0;2624.94;9332.54;716.6;640.0;42.369.549.999.999.900
3/5/2026;Claudia;USA;3128;0.0;0.0;0.0;18.1;7.93;12.34;29.46;29.86;34.86;67.15;42.34;23.46;13.83;10.19;8.49;298.01
3/5/2026;Claudia;USA;3129;0.83;2.57;15.37;2772.22;125.81;1416.22;3642.43;4116.03;3823.3;5305.98;2084.77;1003.59;345.87;228.03;169.09;25.052.109.999.999.900
3/5/2026;Claudia;USA;3130;9.8;0.47;4.86;997.77;417.51;552.5;1447.78;1782.69;1733.87;2486.14;960.81;452.69;162.14;115.81;83.11;11.207.949.999.999.900
3/5/2026;Claudia;USA;3131;0.75;1.29;10.73;1633.33;717.22;954.13;2662.71;3443.02;3451.4;4957.27;1862.74;862.54;287.83;227.03;149.94;21221.93
3/5/2026;Claudia;USA;3132;1.2;4.06;29.83;3480.45;1303.87;1612.71;3908.6;4398.45;4081.52;5860.91;2348.8;1154.26;362.95;267.73;164.26;28.979.599.999.999.900
3/5/2026;claudia;USA;3133;0.92;1.75;12.22;2011.7;922.12;1238.89;3503.11;4439.97;4498.18;6583.44;2637.81;1243.93;442.0;291.79;240.55;28068.38
3/5/2026;claudia;USA;3134;1.7;1.66;13.65;2573.09;1190.82;1561.16;4443.0;5846.64;6069.69;9103.49;3678.37;1722.15;591.33;428.25;311.79;3.753.679.000.000.000
3/5/2026;Claudia;USA;3135;0.23;0.87;8.55;1468.93;587.21;730.61;1829.78;2103.39;1951.74;2697.85;925.73;443.56;137.25;101.43;68.44;13055.57
3/5/2026;Claudia;USA;3136;0.67;3.04;29.57;4440.64;1411.81;1621.79;3653.94;3802.37;3374.55;4445.75;1606.03;785.82;287.67;204.66;168.0;25.836.309.999.999.900
3/5/2026;Antamapu;UE;3137;2.14;4.75;34.84;4476.29;1400.96;1567.77;3417.65;6659.94;2753.21;3157.18;962.65;439.88;143.0;101.4;89.88;25.211.540.000.000.000
3/5/2026;Antamapu;UE;3138;0.7;1.37;13.86;2633.55;1080.35;1344.7;3442.12;4137.77;4044.54;5427.0;2060.43;1014.85;352.8;269.31;241.97;26065.32
4/5/2026;Antamapu;UE;3140;2.29;7.09;56.9;8146.54;2518.32;2809.36;5860.14;5800.31;4694.11;5438.64;1703.68;791.65;256.59;195.86;146.81;38428.29
4/5/2026;Antamapu;UE;3141;2.17;4.52;34.46;6145.9;2157.92;2580.82;6160.25;6734.57;6199.22;8115.75;2966.17;1417.86;490.07;361.5;331.15;43702.33
4/5/2026;Antamapu;UE;3142;0.31;0.36;3.56;1085.23;459.92;575.39;1511.76;1827.72;1767.69;2622.23;1039.9;504.72;163.64;122.3;118.69;11.803.419.999.999.900
4/5/2026;Claudia;USA;3143;0.0;0.06;0.3;56.82;20.17;28.8;70.57;82.25;83.23;120.9;49.25;22.67;5.03;4.82;4.35;549.22
4/5/2026;Claudia;USA;3144;1.35;2.73;24.52;3104.93;1189.62;1478.28;3782.59;4583.15;4610.95;6853.16;2713.41;1374.25;452.97;325.82;190.61;30688.34
4/5/2026;Claudia;USA;3146;2.25;5.14;33.85;3630.3;1350.64;1673.96;4263.74;5113.22;5147.56;7909.98;3396.08;1711.96;590.61;435.73;274.85;35539.87
4/5/2026;Claudia;USA;3147;1.01;2.97;28.88;3342.97;1276.36;1597.89;3992.79;4885.79;4968.31;8000.62;3569.76;1805.31;604.41;438.1;295.41;34810.58
4/5/2026;Claudia;USA;3148;1.46;4.42;27.0;3024.67;1137.35;1389.95;3479.07;4080.7;4047.48;6078.22;2474.52;1255.01;415.55;285.87;184.2;27.885.469.999.999.900
4/5/2026;Antamapu;UE;3149;0.49;16.66;89.34;7193.44;2097.43;2814.49;4275.4;5205.38;5789.92;3334.37;1208.67;1097.2;371.5;41.14;121.29;33656.72
4/5/2026;Claudia;USA;3150;3.53;4.42;33.76;3080.1;1046.37;1243.68;3182.25;3667.04;3534.19;5318.65;2141.65;1067.88;340.54;242.31;146.57;25.052.940.000.000.000
4/5/2026;Claudia;USA;3151;2.72;8.71;54.98;4388.09;1490.91;1829.55;4495.61;5254.25;5187.96;7591.29;3123.17;1525.88;502.33;354.36;210.12;36019.93
4/5/2026;Claudia;USA;3152;1.38;5.1;36.89;3137.35;1075.34;1261.78;3210.65;3651.95;3581.63;5422.46;2128.2;985.41;346.05;243.98;140.92;25.229.089.999.999.900
4/5/2026;Claudia;USA;3153;2.3;3.54;35.98;3745.87;1290.7;1555.06;3799.74;4235.33;4043.85;5510.01;2065.7;961.42;314.43;210.7;132.21;27.906.839.999.999.900
4/5/2026;Claudia;USA;3154;0.85;1.98;14.99;1605.58;546.29;666.54;1609.34;1760.73;1710.87;2510.68;942.87;445.4;145.12;100.64;73.46;12.135.339.999.999.900
4/5/2026;Claudia;USA;3155;2.16;7.44;42.16;4525.39;1612.04;1975.41;4873.64;5534.51;5189.32;7227.21;2729.75;1292.41;398.89;285.75;165.45;35861.53
5/5/2026;Claudia;USA;3156;1.89;3.9;39.75;3455.77;1161.85;1397.09;3450.58;3898.39;3670.46;5080.41;1915.84;908.04;291.48;189.6;130.35;25.595.399.999.999.900
5/5/2026;Yaquilo;UE;3157;0.04;0.49;3.2;395.34;164.35;194.53;466.68;486.37;470.81;642.48;217.52;100.22;35.39;27.67;23.52;32.286.099.999.999.900
5/5/2026;Yaquilo;UE;3158;0.09;0.76;5.79;2655.3;1254.09;1625.27;4147.16;5014.97;5116.72;8020.85;3414.44;1698.07;533.65;445.14;404.78;34337.08
5/5/2026;Yaquilo;UE;3159;0.05;0.31;1.72;872.63;464.28;584.23;1619.74;2088.53;2167.37;3523.87;1541.33;777.67;272.41;225.66;203.77;14343.57
5/5/2026;Yaquilo;UE;3160;7.18;0.54;6.37;2062.88;978.72;1208.94;3141.3;3763.34;3891.22;6172.1;2712.1;1418.9;490.38;380.66;351.02;26585.65
5/5/2026;El Molino;USA;3161;0.05;0.12;0.7;2170.17;1221.09;1570.46;3805.08;4140.06;3859.76;5376.51;2228.02;1207.82;425.97;341.07;298.03;26644.91
5/5/2026;El Molino;USA;3162;0.19;0.0;1.58;2773.53;1485.93;1851.37;4536.01;4996.79;4644.48;6544.08;2625.86;1404.02;495.29;433.09;366.79;32.159.010.000.000.000
5/5/2026;Antamapu;UE;3163;0.16;13.33;78.44;7028.66;2115.33;2889.28;4571.18;5808.04;7083.47;4293.36;1597.73;1528.07;534.26;69.97;218.75;37.830.030.000.000.000
5/5/2026;Antamapu;UE;3164;0.62;14.23;73.52;6254.67;1796.13;2466.66;3838.7;4791.81;5583.02;3282.09;1244.56;1163.96;413.38;45.7;154.33;31.123.380.000.000.000
5/5/2026;Yaquilo;UE;3165;0.15;0.59;6.84;2004.76;983.64;1288.78;3549.68;4578.68;5122.83;9189.23;4299.59;2086.81;657.32;446.98;383.41;3.459.929.000.000.000
5/5/2026;Yaquilo;UE;3166;1.65;0.7;4.76;2508.99;1227.56;1636.78;4351.51;5562.35;5937.14;9843.63;4225.15;2063.45;622.4;466.29;410.16;38.862.520.000.000.000
5/5/2026;Claudia;USA;3167;0.0;0.0;1.23;180.77;64.98;84.01;207.87;258.03;229.73;301.64;126.87;51.13;18.81;13.69;6.67;15.454.299.999.999.900
5/5/2026;Claudia;USA;3168;2.33;4.97;33.63;2682.72;931.68;1146.24;2909.02;3423.19;3432.71;5028.45;2036.55;976.4;332.85;227.8;143.37;23311.91
5/5/2026;Claudia;USA;3169;2.97;8.21;51.11;4554.75;1612.03;1887.24;4721.7;5333.52;5061.13;7134.44;2777.24;1337.75;441.33;338.66;194.26;35.456.340.000.000.000
5/5/2026;Claudia;USA;3170;4.85;12.26;67.46;4318.47;1444.06;1701.74;4145.08;4612.06;4328.06;5736.47;2106.42;971.7;308.29;221.86;160.98;30.139.760.000.000.000
5/5/2026;Claudia;USA;3171;2.7;9.53;58.01;5115.78;1753.47;2037.1;5067.98;5762.07;5401.04;7572.12;2922.11;1455.79;475.46;335.8;209.16;3.817.812.000.000.000
6/5/2026;Claudia;USA;3172;2.01;5.76;35.92;2628.08;897.11;1051.72;2576.4;218.37;2621.28;3606.59;1371.62;583.19;190.26;132.77;90.32;16.011.400.000.000.000
6/5/2026;Claudia;USA;3173;1.63;9.94;59.97;5429.72;1854.56;2238.88;5441.46;6044.47;5766.01;7892.6;2879.39;1321.29;399.53;260.05;176.13;39775.63
6/5/2026;El Molino;USA;3174;0.0;0.27;0.71;115.45;54.67;72.29;166.71;151.32;148.48;174.18;61.31;26.37;6.51;9.53;5.56;993.36
6/5/2026;El Molino;USA;3175;0.35;0.11;1.77;2740.83;1583.48;1894.43;4454.77;4687.3;4242.36;5871.12;2390.73;1235.04;471.1;386.01;322.75;30.282.149.999.999.900
6/5/2026;El Molino;USA;3176;0.19;0.06;1.8;1.8;3351.31;1808.39;2205.34;5180.91;5369.87;5056.1;7284.75;3182.72;1798.58;678.9;581.2;36501.92
6/5/2026;El molino;USA;3177;0.49;6.11;29.5;2517.13;809.6;1120.29;1881.97;2585.13;3329.73;2091.76;773.02;749.1;280.54;36.56;124.27;16335.20
6/5/2026;Antamapu;USA;3178;0;10.99;44.34;3272.35;972.48;1342.19;2168.44;2862.85;3419.62;2120.09;793.38;754.06;248.41;34.53;140.16;18183.89
6/5/2026;Antamapu;USA;3179;0.17;11.27;62.76;4703.38;1452.41;2.050.226;3401.03;4714.45;6447.59;4370.7;1708.27;1712.8;634.19;85.86;262.22;31617.33
6/5/2026;Antamapu;USA;3180;0.14;13.47;67.99;5592.48;1674.8;2331.9;3763.28;5087.57;6459.65;4151.54;1609.41;1569.23;557.05;65.12;222.11;33165.74
6/5/2026;Avellaneda;USA;3181;0.47;1.95;15.05;3145.42;1282.42;1577.96;4103.71;5005.83;5225.38;7938.81;2991.53;1326.58;423.1;346.69;378.54;33763.44
6/5/2026;Avellaneda;USA;3182;0.51;2.1;18.56;3582.76;1400.66;1714.04;4407.75;5353.42;5592.08;8714.04;3344.49;1494.21;504.47;384.58;424.97;36938.64
6/5/2026;Yaquilo;UE;3183;0.05;0.16;2.47;1744.15;927.32;1244.3;3372.88;4500.15;5035.4;9259.52;4546.86;2423.24;789.32;576.88;473.01;34895.71
6/5/2026;Yaquilo;UE;3184;0.69;3.11;24.4;4513.22;1636.23;1879.8;4488.47;5020.94;4915.02;7609.44;3145.46;1513.86;457.54;308.06;224.14;35740.38
6/5/2026;Yaquilo;UE;3185;0.29;1.04;3.6;1691.78;905.02;1206.49;3422.7;4735.77;5476.16;10380.26;5139.07;2629.78;860.05;622.91;498.41;37573.33
6/5/2026;Yaquilo;UE;3186;2.62;0.06;1.3;754.68;369.78;487.25;1218.57;1513.63;1520.36;2390.63;1009.42;502.48;153.43;139.59;126.07;10189.87
6/5/2026;Yaquilo;UE;3187;0.25;0.43;2.74;1917.23;990.63;1336.45;3724.45;4840.86;5465.12;9504.76;4379;2189.68;683.42;509.25;459.2;36003.47
6/5/2026;Yaquilo;UE;3188;0.25;0.92;3.97;1636.24;839.33;1084.62;2991.17;3858.39;4321.53;7799.12;7004.75;2247.71;812.29;639.78;615.74;33855.81
6/5/2026;Antamapu;UE;3189;0.05;12.74;57.67;4557.9;1417.91;1947.7;3194.62;4217.32;5136.4;3154.78;1203.83;1155.22;402.87;42.95;199.11;26701.07
6/5/2026;Antamapu;UE;3190;0.35;14.45;69.77;5886.87;1821.91;2597.15;4245.04;5723.8;7122.54;4332.63;1601.4;1492.78;525.6;69.61;234.96;35738.86
7/5/2026;Antamapu;UE;3191;0.46;20.73;97.72;7137.86;2038.56;2714.6;4303.34;5465.88;6497.23;3815.71;1366.12;1300.4;439.71;52.43;205.4;35456.15
7/5/2026;Claudia;USA;3192;2.98;7.62;44.71;3188.65;1066.42;1293.29;3164.29;36113.57;3498.42;5216.58;2039.39;901.68;324.23;203.49;144.33;57209.65
7/5/2026;Claudia;USA;3193;4.55;9.74;67.46;5142.65;1697.67;2062.4;4773.97;5212.31;4808.6;6386.72;2248.08;982.05;308.2;215.9;130.85;34051.15
7/5/2026;Claudia;USA;3194;0.16;0.23;1.4;120.11;41.48;45.59;121.17;135.61;117.66;155.96;58;22.5;7.24;3.95;2.8;833.86
7/5/2026;Claudia;USA;3195;3.38;7.66;55.5;4583.25;1581.41;1863.25;4590.66;5157.84;4891.91;6947.89;2567.17;1138.16;337.97;254.2;161.38;34141.63
7/5/2026;Claudia;USA;3196;4.34;8.32;55.47;3713.52;1182.33;1438.67;3444.16;4076.96;3924.91;5976.97;2410.83;1168.94;386.41;280.11;192.28;28264.22
7/5/2026;Yaquilo;UE;3197;0.14;0.87;4.33;1661.08;833.58;1081.86;2977.14;3950.65;4384.48;7845.29;3747.82;1998.42;705.07;533.12;481.07;30204.92
7/5/2026;Yaquilo;UE;3198;1.24;4.79;36.68;5662.96;1968.34;2257.66;5191.48;5660.89;5584.42;9137.54;3989.32;2050.83;688.11;532.37;423.99;43190.62
7/5/2026;Yaquilo;UE;3199;0.27;2.05;14.5;2907.87;1193.42;1483.56;3906.84;4956.95;5435.38;9768.7;4813.76;2640.07;856.89;609.86;409.78;38999.90
7/5/2026;Yaquilo;UE;3200;0;0.07;0.6;165.7;110.52;161.04;601.04;1141.8;1944.47;7527.34;8505.48;8154.85;3762.62;2958.71;1530.04;36564.28
7/5/2026;Avellaneda;USA;3201;11.73;21.98;118.52;9269.01;2753.75;2983.9;6041.96;5117.6;3816.27;3885.95;1122.8;450.28;133.94;85.52;43.69;35856.90
7/5/2026;Avellaneda;USA;3202;0.61;1.11;12.26;2072.66;835.19;1030.5;2538.08;3191.2;3346.73;5649.22;2375.5;1104.38;351.36;280.8;262.74;23052.34
7/5/2026;Avellaneda;USA;3203;0.25;0.27;8.41;1923.61;767.73;987.64;2492.44;2985.63;3100.46;4917.45;1948.16;803.82;252.15;182.8;189.68;20560.50
7/5/2026;Avellaneda;USA;3204;3.86;13.13;95.76;13405.97;4366.72;4828.67;10683.68;10821.9;9567.06;12887.25;4608.22;2015.77;643.72;447.03;351.43;74740.17
7/5/2026;Avellaneda;USA;3205;0.21;0.3;2.01;796.56;308.6;365.29;918.56;1054.93;1029.35;1577.16;587.05;235.07;79.31;65.53;60.45;7080.38
7/5/2026;Avellaneda;USA;3206;0;0.26;2.27;397.68;147.47;169.17;422.32;502.81;516.99;777.19;308.12;130.96;43.29;28.58;29.4;3476.51
7/5/2026;Antamapu;UE;3207;0.09;2.29;10.15;594.69;154.16;184.66;279.81;318.11;324.44;181.8;58.73;62.25;21.73;2.23;10.32;2205.46
7/5/2026;Antamapu;UE;3208;0.48;15.71;87.94;6606.99;1866.22;2535.25;3851.99;4552.43;4756.39;2672.76;989.34;953.21;327.76;41.01;146.5;29403.98
8/5/2026;Antamapu;UE;3209;0.52;29.37;143;9401.69;2490.45;3330.35;4834.53;5480.34;5383.37;2776.69;938.15;818.6;278.01;35.68;96.43;36037.18
8/5/2026;yaquilo;UE;3210;0.33;0.41;2.87;962.98;460.79;607.54;1705.14;2368.44;2996.3;6756.21;4561.99;3164.23;1324.33;1043.12;825.59;26780.27
8/5/2026;El molino;USA;3211;0.82;0.32;5.99;3124.94;1396.94;1639.03;3908.35;4228.49;4024.19;6264.34;2844.61;1642.06;662.32;576.8;518.65;30837.85
8/5/2026;El molino;USA;3212;0.05;0.28;3.25;2488.79;1113.2;1352.29;3250.62;3622.08;3573.46;5297.74;2319.25;1274;497;428.77;381.28;25602.06
8/5/2026;El molino;USA;3213;0.16;0.12;1.57;858.75;399.3;488.65;1190.95;1349.8;1299.08;2053.58;959.46;586.78;207.61;197.73;204.24;9797.78
8/5/2026;Claudia;USA;3214;3.72;9.73;65.45;4998.33;1637.66;2005.25;4821.5;5386.61;4964.63;6981.96;2603.37;1196.1;368.34;265.62;184.73;35493.00
8/5/2026;Claudia;USA;3215;5.99;14.17;71.82;4038.58;1234.73;1429.82;3401.25;3747.65;3567.14;5172.18;2320.64;1298.18;488.58;393.32;314.78;27498.83
8/5/2026;Claudia;USA;3216;6.05;13.82;83.35;4434.17;1298.52;1497.46;3673.8;4036.37;3786.54;5713.28;2584.82;1460.54;574.88;487.83;420.78;30072.21
8/5/2026;Claudia;USA;3217;8.6;19.04;99.7;5936.73;1810.6;2107.02;5052.85;5611.32;5441.66;8108.47;3687.28;2124.23;792.91;660.61;541.11;42002.13
8/5/2026;Claudia;USA;3218;2.92;6.27;41.56;2748.02;859.45;1003.3;2395.34;2695.55;2452.62;3479.14;1555.76;851.32;289.97;255.72;209.52;18846.46
8/5/2026;Antamapu;UE;3219;0.86;39.76;159.32;8854.86;2417.15;3211.91;4810.13;5559.62;5798.64;3172.95;1207.38;1113.85;379.81;52.95;159.2;36938.39
8/5/2026;Antamapu;UE;3220;1.48;31.41;143.08;8454.9;2244.44;2904.77;4349.02;4889.04;4956.56;2679.87;986.96;932.12;343.49;43.55;147.69;33108.38
8/5/2026;Yaquilo;UE;3221;0.16;0.46;5.74;1582.59;737.83;974.25;2678.22;3491.81;4079.09;8290.72;5453.38;4246.21;1617.95;1516.58;1140.27;35815.26
9/5/2026;Yaquilo;UE;3222;0.69;0.76;5.72;1918.96;952.08;1268.57;3527.08;4751.46;5603.54;11974.26;7299.8;5583.52;769.3;1384.67;1275.94;46316.35
9/5/2026;Yaquilo;UE;3223;0.15;0.23;3.99;1162.02;548.24;726.1;2109.49;2916.97;3691.05;8332.65;5549.01;4644.58;682.15;1286.54;1226.19;32879.36
9/5/2026;El Molino;USA;3224;0.58;1.67;16.19;8487.16;3793.82;4508.97;10228.42;10302.44;9006.92;12266.48;4911.58;2679.42;1020.04;810.71;771.77;68806.17
9/5/2026;El Molino;USA;3225;0.22;0.6;3.49;3102.92;1517.39;1824.65;4439.67;4892.12;4620.57;71140.7;3172.94;1837.35;724.89;617.21;553.4;98448.12
9/5/2026;Avellaneda;USA;3226;5.65;14.19;98.68;8722.13;2445.46;2612.38;5260.83;4540.7;3225.34;3249.8;786.92;293.99;77.58;46.2;36.04;31415.89
9/5/2026;Avellaneda;USA;3227;7.72;15.17;100.95;10078.41;3000.33;3264.65;6781.21;5906.59;4393.57;4412.72;1145.31;427.54;105.59;59.75;30.55;39699.51
9/5/2026;Claudia;USA;3228;8.27;17.3;98.88;5289.32;1544;1768.93;4125.93;4534.36;4157.59;6178.25;2680.95;1450.75;512.98;382.96;312.92;32750.47
9/5/2026;Claudia;USA;3229;4.19;11.77;61.55;3616.2;1070.25;1216.26;2798.12;2857.85;2549.67;3398.77;1278.15;613.39;204.21;149.99;91.28;19830.37
9/5/2026;yaquilo;UE;3230;1.54;3.9;32.99;4682.18;1631.75;1933.77;4515.16;5094.16;4916.83;7258.58;2953.49;1625.31;189;232;216.64;35070.66
9/5/2026;Yaquilo;UE;3231;0.66;0.62;9.41;2109.48;970.19;1235.72;3276.08;4337.82;5107.13;10695.16;6583.43;5235.24;774.55;1401.59;1288.73;41737.08
9/5/2026;Antamapu;UE;3233;0.76;38.47;153.44;7532.12;9960.47;2864.36;4249.53;4926.89;4998.78;2849.41;1109.48;1144.82;384.46;58.9;172.55;40271.89
9/5/2026;Yaquilo;UE;3234;0.07;0.37;4.01;1245.02;600.07;769.02;2150.02;2936.58;3479.31;7467.15;4926.23;4371.62;698.02;1327.39;1297.65;29974.88
9/5/2026;Yaquilo;UE;3235;0.09;0.46;3.66;1851.67;929.18;1277.22;3566.52;4769.97;5436.15;10904.79;6822.16;6189.87;994.01;2015.95;1713.12;44761.70
10/5/2026;Yaquilo;UE;3236;0.11;0.31;1.95;1011.16;484.74;666.34;1822.34;2545.75;2938.73;6043.86;3724.72;3099.74;457.24;872.2;774.96;23669.19
10/5/2026;Yaquilo;UE;3237;1.21;4.99;40.43;6541.66;2161.24;2490.57;5692.79;6157.39;6115.22;10.084.40;5147.4;3645.41;525.32;972.42;815.98;39496.05
10/5/2026;MDR;USA;3238;0;0.07;1.7;158.05;29.68;35.39;55.81;37.28;22.32;21.66;6.1;3;1.75;0.71;0.29;373.52
10/5/2026;MDR;USA;3239;18.95;51.9;338.94;16459.06;2685.04;2410.16;3704.84;2365.54;1456.82;1281.71;343.53;163.75;63.84;61.65;59.7;31405.73
10/5/2026;El Molino;USA;3240;0.84;2.65;20.7;5620.34;2179.34;2462.48;5244.49;5113.45;4177.04;5140.67;1943.22;959.43;380.77;301.11;270.44;33546.53
10/5/2026;El Molino;USA;3141;0.46;3.15;16.07;5163.46;1880.16;2113.07;431.71;4162.46;3344.79;4050.79;1433.14;724.47;261.16;202.74;188.89;23787.63
10/5/2026;El Molino;USA;3144;14;2.08;14.64;4609.25;1509.62;1660.85;3482.4;3264.25;3713.64;.321.60;1268.12;639.82;219.19;174.78;136.03;20572.64
11/5/2026;Claudia;USA;3145;2.59;6.05;39.98;4300.59;1534.56;1852.49;4536.21;5378.4;5365.42;8612.06;4329.44;2704.55;1131.59;1013.53;914.31;40807.46
11/5/2026;Claudia;USA;3146;1.34;3.43;30.37;2849.48;919.81;1103.99;2544.02;2706.38;2498.82;3527.14;1548.74;872.86;340.49;273.5;202.44;19220.37
11/5/2026;Claudia;USA;3247;1.02;3.62;23.43;3788.17;1288.25;1495.4;3516.59;3811.91;3490.25;5,051,71;2323.08;1334.08;506.83;439.38;357.31;22022.01
11/5/2026;Claudia;USA;3248;1.49;4.09;37.12;4934;1699.33;1997.03;4761.49;5243.58;4726.51;6867.38;3037.53;1793.46;680.29;570.54;468.48;36353.84
11/5/2026;Claudia;USA;3249;3.5;7.08;44.48;3098.28;943.99;1141.78;2687.99;2902.32;2699.94;3852.44;1641.53;880.11;317.66;256.29;180.11;20477.39
11/5/2026;Avellaneda;USA;3250;6.41;16.15;97.01;7599.45;2151.86;2302.7;4683.76;4109.29;3084.5;3268.74;922.08;370.12;96.42;49.34;28;28757.83
11/5/2026;Avellaneda;USA;3252;6.63;16.48;118.33;9308.53;2707.13;2961.48;6069.19;5470.41;4242.48;4312.37;1161.02;404.08;95.17;48.69;28.39;36921.99
11/5/2026;Avellaneda;USA;3253;6.89;20.65;133.88;10073.82;2714.48;2980.4;5995.61;5284.65;3892.69;3934..75;951;335.74;87.72;47.98;27.78;32525.51
11/5/2026;Avellaneda;USA;3254;4.12;11.62;93.04;8765.1;2546.31;2745.17;5702.56;5114.14;3785.31;3955.55;1057.84;368.58;84.81;57.71;26.44;34291.86
11/5/2026;Avellaneda;USA;3255;4.27;12.58;92.58;8699.28;2424.99;2647.1;5334.85;4728.43;3516.6;3706.92;935.82;317.32;79.22;50.91;20.35;32550.87
11/5/2026;Avellaneda;USA;3256;7.61;18.63;122.23;10.023.16;2879.71;3134.74;6453.7;5790.77;4466.21;4932.63;1442.4;559.06;157.56;94.32;51.35;30059.57
11/5/2026;Claudia;USA;3257;6.28;16.17;100.29;6819.55;1882.66;2054.18;4272.91;3818.98;2834.55;3122.59;951.31;407.26;110.15;67.31;36;26464.19
12/5/2026;Claudia;USA;3258;12.97;30.6;180.56;9676.07;2573.8;2863.42;5794.1;5154.46;3846.01;4251.74;1291.46;525.83;153.68;93.52;55.39;36448.22
12/5/2026;Claudia;USA;3259;6.47;14.14;68.8;5471.16;1711.48;1913.12;4253.29;4032.29;3228.06;3730.3;1268.5;641.75;204.39;153.34;96.23;26697.09
